"Full Date One of two formats. (Format 1) 95.4% CI calibrated radiocarbon age (Conventional Radiocarbon Age BP, Lab number) e.g. 2624-2350 calBCE (3990±40 BP, Ua-35016). (Format 2) Archaeological context range, e.g. 2500-1700 BCE"
"2470-2239 calBCE (3895±32 BP, OxA-13541)"
"3948-3652 calBCE (5000±70, OxA-910)"
"1371-1123 calBCE (2990±25 BP, PSUAMS-6823)"
"4227-3965 calBCE (5270±25 BP, UCIAMS-186346)"
"4227-3965 calBCE (5270±25 BP, UCIAMS-186346)"
"60-450 calCE (2560±20 BP, PSUAMS-1962)"
"1644-1797 calCE (235±15 BP, PSUAMS-8291)"
"5462-5014 calBCE (6300±70 BP, AA-7966)"
"5462-5014 calBCE (6300±70 BP, AA-7966)"
"5620-5336 calBCE (6560±60 BP, LP-186)"
"5620-5336 calBCE (6560±60 BP, LP-186)"
"5881-5561 calBCE (6838±73 BP, AA-67738)"
"7026-6433 calBCE (7805±85 BP, AA-106014)"
"6570-6252 calBCE (7612±53 BP, AA-106013)"
"5971-5718 calBCE (6959±43) [R_combine: (7000±80 BP, TO-1503); (6970±60 BP, CAMS-16170); (6880±90 BP, NZA-1101)]"
"1560-1960 calCE (555±20 BP, PSUAMS-6678)"
"1810-1960 calCE (490±25 BP, PSUAMS-6679)"
"1550-1960 calCE (570±20 BP, PSUAMS-6680)"
"260-600 calCE (1975±25 BP, PSUAMS-6673)"
"250-385 calCE (1750±15 BP, UCIAMS-185301)"
"5010-4840 calBCE (6080±15 BP, UCIAMS-185303)"
"4830-4700 calBCE (5930±15 BP, UCIAMS-185302)"
"736-194 calBCE (2369±52 BP, UGAMS-16601)"
"1450-1820 calCE (650±20 BP, PSUAMS-6674)"
"1470-1810 calCE (530±45 BP, PSUAMS-6675)"
"1330-1650 calCE (820±40 BP, UGAMS-5151)"
"1280-1440 calCE (870±20 BP, PSUAMS-6683)"
"1460-1640 calCE (800±20 BP, PSUAMS-6676)"
"1450-1630 calCE (815±20 BP, PSUAMS-6677)"
"4040-3710 calBCE (5205±58 BP, AA-60935)"
"1420-1630 calCE (520±30 BP, PSUAMS-6672)"
"1490-1660 calCE (335±35 BP, AA-69652)"
"1040-1280 calCE (897±38 BP, AA-69655)"
"1670-1960 calCE (220±20 BP, PSUAMS-6685)"
"1200-1300 calCE (895±25 BP, PSUAMS-6686)"
"1150-1270 calCE (960±20 BP, PSUAMS-6684)"
"1012-906 calBCE (2810±20 BP, PSUAMS-8889)"
"1263-1121 calBCE (2970±20 BP, PSUAMS-9011)"
"900-805 calBCE (2690±20 BP, PSUAMS-9012)"
"1013-846 calBCE (2795±25 BP, PSUAMS-9013)"
1199-989 calBCE (2890±25 BP PSUAMS-11923)
"788-551 calBCE (2530±20 BP, PSUAMS-11953)"
"161 calBCE - 8 calCE (2065±25 BP, PSUAMS-9010)"
"157 calBCE - 7 calCE (2065±20 BP, PSUAMS-8417)"
"220-330 calCE (1790±20 BP, PSUAMS-8548)"
"5604-5230 calBCE (6460±70 BP, ETH-14827)"
"1033-1159 calCE (947±24 BP, OxA-38206)"
"772-973 calCE (1161±19 BP, OxA-39170)"
"893-994 calCE (1098±14 BP) [R_combine: (1119±19 BP, OxA-39245); (1075±20 BP, PSUAMS-7371)]"
"1305-1398 calCE (609±13 BP, OxA-39239, 40)"
"1047-1220 calCE (890±23 BP, MAMS-39633)"
"992-1032 calCE (1025±20 BP, PSUAMS-7369)"
"1229-1291 calCE (745±20 BP, PSUAMS-7370)"
"1278-1388 calCE (675±20 BP, PSUAMS-7368)"
"885-990 calCE (1127±19 BP, OxA-39169)"
"1165-1224 calCE (855±15 BP, UCIAMS-186352)"
"1283-1390 calCE (660±20 BP, UCIAMS-186353)"
"1282-1388 calCE (665±15 BP) [R_combine: (660±20 BP, UCIAMS-186354); (670±20 BP, PSUAMS-7456)]"
"1307-1406 calCE (593±19 BP, OxA-39129)"
"1274-1380 calCE (700±20 BP, PSUAMS-6793)"
"1319-1417 calCE (572±20 BP, OxA-39126)"
"1319-1407 calCE (584±15 BP) [R_combine: (584±20 BP, OxA-39127); (584±20 BP, OxA-39130)]"
"1277-1384 calCE (685±20 BP, PSUAMS-6794)"
"1319-1418 calCE (571±20 BP, OxA-39125)"
"1271-1377 calCE (712±18 BP, OxA-39493)"
"3708-3543 calBCE (4875±25 BP, PSUAMS-7428)"
"2017-1778 calBCE (3565±25 BP, PSUAMS-4292)"
"2204-2038 calBCE (3735±20 BP, PSUAMS-2681)"
"2868-2580 calBCE (4125±30 BP, PSUAMS-5127)"
"2574-2469 calBCE (4005±20 BP, UCIAMS-186360)"
"2837-2472 calBCE (4050±30 BP, PSUAMS-1401)"
"2621-2469 calBCE (4025±25 BP, PSUAMS-1403)"
"3011-2897 calBCE (4330±20 BP, PSUAMS-4582)"
"3091-2918 calBCE (4390±20 BP, PSUAMS-5896)"
"3312-2920 calBCE (4415±25 BP, PSUAMS-1402)"
"3319-2931 calBCE (4430±20 BP, PSUAMS-2333)"
"2894-2701 calBCE (4210±20 BP, UCIAMS-228020)"
"3312-2920 calBCE (4415±25 BP, PSUAMS-1402)"
"3011-2881 calBCE (4300±30 BP, PSUAMS-5897)"
"3630-3379 calBCE (4737±22 BP) [R_combine: (4725±25 BP, PSUAMS-3607); (4775±45, UCIAMS-228026)]"
"5479-5419 calBCE (6455±30 BP, PSUAMS-3205)"
"5513-5372 calBCE (6485±30 BP, PSUAMS-3206)"
"7031-6646 calBCE (7900±35 BP, PSUAMS-4800)"
"7711-7523 calBCE (8565±45 BP, PSUAMS-4290)"
"7472-7192 calBCE (8290±25 BP) [R_combine: (8310±35 BP, UCIAMS-151854); (8270±35 BP, UCIAMS-151855)]"
"900-1025 calCE (1056±23 BP, OxA-31463)"
"1015-1155 calCE (969±28 BP, OxA-31443)"
"1223-1273 calCE (790±20 BP, PSUAMS-10739)"
"5723-5623 calBCE (6760±33 BP, OxA-31444)"
"6058-5889 calBCE (7090±35 BP, PSUAMS-6308)"
"5980-5771 calBCE (6985±30 BP, PSUAMS-6307)"
"1217-1055 calBCE (2940±20 BP, PSUAMS-6309)"
"1277-1059 calBCE (2970±25 BP, PSUAMS-6310)"
"6058-5889 calBCE (7090±35 BP, PSUAMS-6308)"
"5980-5771 calBCE (6985±30 BP, PSUAMS-6307)"
"1217-1055 calBCE (2940±20 BP, PSUAMS-6309)"
"1277-1059 calBCE (2970±25 BP, PSUAMS-6310)"
"5980-5771 calBCE (6985±30 BP, PSUAMS-6307)"
"5980-5771 calBCE (6985±30 BP, PSUAMS-6307)"
"6058-5889 calBCE (7090±35 BP, PSUAMS-6308)"
"6058-5889 calBCE (7090±35 BP, PSUAMS-6308)"
"1217-1055 calBCE (2940±20 BP, PSUAMS-6309)"
"50-340 calCE (2325±15 BP, UCIAMS-86237)"
"3646-3527 calBCE (4817±28 BP, MAMS-14945)"
"3954-3773 calBCE (5050±29 BP, MAMS-14949)"
"756-416 calBCE (2457±29 BP, SUERC-96764)"
"749-403 calBCE (2425±29 BP, SUERC-96766)"
"337-52 calBCE (2118±24 BP, SUERC-96204)"
"174-45 calBCE (2097±23 BP, SUERC-96202)"
"170 calBCE - 90 calCE (2098±29 BP, SUERC-96765)"
"3083-2912 calBCE (4373±23 BP, SUERC-96207)"
"3088-2914 calBCE (4381±23 BP, SUERC-96206)"
"2567-2301 calBCE (3987±23 BP, SUERC-96208, marine calibrated)"
"4241-4050 calBCE (5315±21 BP) [R_combine: (5336±24 BP, SUERC-96213); (5263±38 BP, OxA-12542)]"
"4228-3968 calBCE (5304±24 BP, SUERC-96212, marine calibrated)"
"4234-3979 calBCE (5328±23 BP, SUERC-96214, marine calibrated)"
"771-958 calCE (1220±15) [R_combine: (1220±20, PSUAMS-1617); (1220±20 BP, PSUAMS-1618)]"
"795-1115 calCE (1320±20 BP, PSUAMS-1619)"
"1040-1210 calCE (950±30 BP, Poz-83481)"
"1301-1396 calCE (665±15 BP, PSUAMS-7821)"
"1155-1260 calCE (890±20 BP, PSUAMS-6819)"
"10420-9450 calBCE (10415±40 BP, PSUAMS-5282)"
"10420-9450 calBCE (10415±40 BP, PSUAMS-5282)"
"3360-2930 calBCE [union of two dates: (4720±40 BP, Beta-254447); (4680±25 BP, UGAMS-4600)]"
"1230-1380 calCE (760±20 BP, PSUAMS-1870)"
141-1631 calCE (428±46 BP) [R_combine: union of two dates: (B-4996); (B-5006)]
"4246-4052 calBCE (5325±20 BP, UCIAMS-140250)"
"4230-3967 calBCE (5240±40 BP, Beta-233122)"
"4315-3997 calBCE (5310±40 BP, Beta-233123)"
"789-568 calBCE (2535±15 BP, UCIAMS-169836)"
"891-797 calBCE (2660±15 BP, UCIAMS-169832)"
"810-675 calBCE (2585±25 BP, UCIAMS-169833)"
"809-779 calBCE (2610±20 BP, UCIAMS-172395)"
"795-567 calBCE (2545±20 BP, UCIAMS-169835)"
"795-567 calBCE (2545±20 BP, UCIAMS-172396)"
"774-549 calBCE (2510±15 BP, UCIAMS-135086)"
"774-549 calBCE (2510±15 BP, UCIAMS-179777)"
"1501-1421 calBCE (3185±20 BP, UCIAMS-233623)"
"4713-4548 calBCE (5786±30 BP, SUERC-50664)"
"5841-5723 calBCE (6900±25 BP, PSUAMS-5336)"
"1300-1398 calCE (620±20 BP, PSUAMS-7387)"
"1271-1378 calCE (710±20 BP, PSUAMS-7386)"
"1302-1400 calCE (610±20 BP, PSUAMS-7355)"
"1267-1299 calCE (720±20 BP, PSUAMS-7292)"
"1192-1005 calBCE (2890±20 BP, PSUAMS-6927)"
"2282-2032 calBCE (3740±35 BP, Poz-84460)"
"3634-3382 calBCE (4750±25 BP, PSUAMS-8271)"
"3519-3370 calBCE (4670±30 BP, PSUAMS-10053)"
"3933-3655 calBCE (4990±25 BP, PSUAMS-4231)"
"4227-3986 calBCE (5260±20 BP, PSUAMS-4404)"
"3705-3635 calBCE (4880±20 BP, PSUAMS-4232)"
"3634-3522 calBCE (4765±20 BP, PSUAMS-4233)"
"3774-3650 calBCE (4945±25 BP, PSUAMS-3997)"
"3654-3530 calBCE (4840±25 BP, PSUAMS-3879)"
"3633-3524 calBCE (4770±20 BP, PSUAMS-4235)"
"3710-3635 calBCE (4890±25 BP, PSUAMS-4234)"
"2457-2209 calBCE (3860±25 BP, PSUAMS-10090)"
"2561-2306 calBCE (3935±25 BP, PSUAMS-3887)"
"2464-2290 calBCE (3885±25 BP, PSUAMS-3888)"
"2456-2204 calBCE (3850±25 BP, PSUAMS-4026)"
"2127-1900 calBCE (3630±25 BP, PSUAMS-10015)"
"2122-1926 calBCE (3630±20 BP, PSUAMS-10091)"
"2133-1946 calBCE (3650±20 BP, PSUAMS-10122)"
"387-208 calBCE (2245±20 BP, PSUAMS-10086)"
"771-543 calBCE (2495±20 BP, PSUAMS-10021)"
"771-541 calBCE (2490±20 BP, PSUAMS-10022)"
"396-210 calBCE (2270±20 BP, PSUAMS-10020)"
"370-197 calBCE (2210±20 BP, PSUAMS-10093)"
"370-197 calBCE (2210±20 BP, PSUAMS-9773)"
"381-203 calBCE (2230±20 BP, PSUAMS-10095)"
"394-208 calBCE (2260±20 BP, PSUAMS-10096)"
"385-206 calBCE (2240±20 BP, PSUAMS-10101)"
"391-208 calBCE (2255±20 BP, PSUAMS-10120)"
"387-208 calBCE (2245±20 BP, PSUAMS-10121)"
"166-44 calBCE (2085±20 BP, PSUAMS-9715)"
"355-114 calBCE (2165±20 BP, PSUAMS-10123)"
"358-170 calBCE (2185±20 BP, PSUAMS-10055)"
"361-177 calBCE (2200±20 BP, PSUAMS-10125)"
"359-172 calBCE (2190±20 BP, PSUAMS-10127)"
"381-203 calBCE (2230±20 BP, PSUAMS-10080)"
"452-382 calBCE (2340±20 BP, PSUAMS-10103)"
"1117-931 calBCE (2860±25 BP, PSUAMS-10016)"
"1192-1005 calBCE (2890±20 BP, PSUAMS-9771)"
"1108-928 calBCE (2850±20 BP, PSUAMS-9996)"
"1196-1010 calBCE (2900±20 BP, PSUAMS-10017)"
"971-830 calBCE (2755±20 BP, PSUAMS-10094)"
"1207-1016 calBCE (2915±25 BP, PSUAMS-9997)"
"1192-1005 calBCE (2890±20 BP, PSUAMS-10102)"
"1001-836 calBCE (2775±25 BP, PSUAMS-10024)"
"3636-3526 calBCE (4785±25 BP, PSUAMS-10118)"
"429-550 calCE (1575±20 BP, PSUAMS-10119)"
"892-992 calCE (1110±20 BP, PSUAMS-10059)"
"1653-1950 calCE (205±15 BP, PSUAMS-10054)"
"3598-3371 calBCE (4690±25 BP, PSUAMS-10098)"
"3504-3348 calBCE (4615±25 BP, PSUAMS-10117)"
"3516-3367 calBCE (4655±25 BP, PSUAMS-10085)"
"1206-1017 calBCE (2915±20 BP, PSUAMS-10099)"
"1192-1005 calBCE (2890±20 BP, PSUAMS-7291)"
"1038-1160 calCE (935±20 BP, PSUAMS-7289)"
"211-326 calCE (1805±20 BP, PSUAMS-7290)"
"1228-1280 calCE (765±15 BP, PSUAMS-8189)"
"651-772 calCE (1340±15 BP, PSUAMS-8176)"
"1221-1268 calCE (805±15 BP, PSUAMS-8181)"
"1225-1271 calCE (790±15 BP, PSUAMS-8182)"
"1290-1390 calCE (650±15 BP, PSUAMS-8183)"
"1422-1454 calCE (465±20 BP, PSUAMS-8797)"
"1423-1455 calCE (460±20 BP, PSUAMS-7407)"
"1287-1392 calCE (650±20 BP, PSUAMS-7389)"
"1225-1271 calCE (790±15 BP, PSUAMS-8978)"
"1442-1616 calCE (405±20 BP, PSUAMS-8969)"
"1404-1440 calCE (510±20 BP, PSUAMS-9169)"
"1414-1450 calCE (480±20 BP, PSUAMS-7393)"
"1275-1300 calCE (705±15 BP, PSUAMS-8973)"
"1322-1410 calCE (570±15 BP, PSUAMS-8970)"
"1409-1440 calCE (500±15 BP, PSUAMS-9167)"
"1036-1158 calCE (945±15 BP, PSUAMS-8971)"
"708-884 calCE (1215±20 BP, PSUAMS-7367)"
"1302-1398 calCE (615±15 BP, PSUAMS-8974)"
"661-775 calCE (1305±20 BP, PSUAMS-8830)"
"652-774 calCE (1330±20 BP, PSUAMS-9165)"
"675-774 calCE (1275±15 BP, PSUAMS-5330)"
"884-994 calCE (1120±25 BP, PSUAMS-5331)"
"8-123 calCE (1960±20 BP, PSUAMS-7385)"
"1226-1278 calCE (776±19 BP, DSH-7154)"
"1160-1257 calCE (855±20 BP, PSUAMS-7388)"
"1212-1271 calCE (815±20 BP, PSUAMS-8977)"
"1227-1283 calCE (760±20 BP, PSUAMS-7296)"
"1305-1403 calCE (600±20 BP, PSUAMS-7297)"
"893-995 calCE (1090±15 BP, PSUAMS-9164)"
"1276-1384 calCE (690±20 BP, PSUAMS-7288)"
"1437-1610 calCE (415±20 BP, PSUAMS-7298)"
"1402-1431 calCE (525±15 BP, PSUAMS-8179)"
"1307-1407 calCE (590±20 BP, PSUAMS-8806)"
"1419-1451 calCE (475±20 BP, PSUAMS-8807)"
"1271-1378 calCE (710±20 BP, PSUAMS-7354)"
"1232-1285 calCE (750±15 BP, PSUAMS-8178)"
"1033-1158 calCE (950±15 BP, PSUAMS-8190)"
"1030-1155 calCE (960±15 BP, PSUAMS-8191)"
"1026-1154 calCE (970±15 BP, PSUAMS-8192)"
"1266-1290 calCE (735±15 BP, PSUAMS-8202)"
"1282-1389 calCE (665±20 BP, PSUAMS-8798)"
"1026-1154 calCE (970±15 BP, PSUAMS-9168)"
"897-1024 calCE (1070±20 BP, PSUAMS-8808)"
"609-665 calCE (1388±15 BP) [R_combine: (1415±20 BP, PSUAMS-11043), (1360±20 BP, PSUAMS-7357)]"
"667-774 calCE (1290±20 BP, PSUAMS-7358)"
"1176-1267 calCE (830±20 BP, PSUAMS-8809)"
"1419-1451 calCE (475±20 BP, PSUAMS-8810)"
"1318-1407 calCE (585±15 BP, PSUAMS-9152)"
"1021-1154 calCE (980±20 BP, PSUAMS-8799)"
"1444-1618 calCE (400±20 BP, PSUAMS-7390)"
"899-1023 calCE (1070±15 BP, PSUAMS-9154)"
"897-1024 calCE (1070±20 BP, PSUAMS-8800)"
"1421-1447 calCE (480±15 BP, PSUAMS-9155)"
"679-823 calCE (1255±15 BP, PSUAMS-9156)"
"1157-1219 calCE (880±15 BP, PSUAMS-9157)"
"991-1115 calCE (1015±20 BP, PSUAMS-7359)"
"893-1019 calCE (1085±20 BP, PSUAMS-8801)"
"1232-1285 calCE (750±15 BP, PSUAMS-9158)"
"1397-1437 calCE (525±20 BP, PSUAMS-8802)"
"1277-1384 calCE (685±20 BP, PSUAMS-8803)"
"1041-1174 calCE (920±15 BP, PSUAMS-9166)"
"773-890 calCE (1190±20 BP, PSUAMS-8804)"
"893-995 calCE (1095±15 BP, PSUAMS-9161)"
"899-1026 calCE (1060±20 BP, PSUAMS-7360)"
"993-1151 calCE (995±20 BP, PSUAMS-8805)"
"1226-1279 calCE (770±20 BP, PSUAMS-8972)"
"1023-1154 calCE (975±20 BP, PSUAMS-8966)"
"992-1038 calCE (1010±15 BP, PSUAMS-8967)"
"1024-1155 calCE (970±20 BP, PSUAMS-8306)"
"1029-1154 calCE (965±15 BP, PSUAMS-9153)"
"991-1036 calCE (1020±20 BP, PSUAMS-7361)"
"675-823 calCE (1260±20 BP, PSUAMS-8979)"
"1296-1394 calCE (635±15 BP, PSUAMS-7285)"
"1309-1403 calCE (595±15 BP, PSUAMS-8188)"
"1278-1388 calCE (675±20 BP, PSUAMS-8795)"
"1282-1388 calCE (665±15 BP, PSUAMS-8180)"
"1222-1273 calCE (793±20 BP, DSH-7155)"
"1327-1433 calCE (536±18 BP, DSH-7159)"
"1033-1158 calCE (950±15 BP, PSUAMS-7286)"
"892-995 calCE (1095±20 BP, PSUAMS-7287)"
"993-1151 calCE (995±20 BP, PSUAMS-8796)"
"2344-2039 calBCE (3780±40 BP, OxA-8729)"
"2393-2144 calBCE (3812±25 BP, NZA-32486)"
"2289-2052 calBCE (3769±27 BP, SUERC-80166)"
"1954-1749 calBCE (3535±33 BP, SUERC-76360)"
"2285-2036 calBCE (3751±32 BP, SUERC-55908)"
"1879-1627 calBCE (3437±36 BP, UBA-28373)"
"1919-1742 calBCE (3502±28 BP, SUERC-52010)"
"1918-1750 calBCE (3515±20 BP, PSUAMS-8288)"
"442-637 calCE (1513±25 BP, OxA-28869)"
"665-775 calCE (1288±25 BP, OxA-29574)"
"643-821 calCE (1320±45 BP, OxA-X-2565-12)"
"686-883 calCE (1230±25 BP, OxA-29572)"
"426-575 calCE (1560±30 BP, Beta-397731)"
"416-545 calCE (1600±30 BP, Beta-397733)"
"419-548 calCE (1590±30 BP, Beta-397734)"
"717-395 calBCE (2385±29 BP, SUERC-78046)"
"176 calBCE - 6 calCE (2082±29 BP, SUERC-78041)"
"104 calBCE - 65 calCE (2031±27 BP, SUERC-52029)"
"50 calBCE - 116 calCE (1997±31 BP, SUERC-52038)"
"105 calBCE - 64 calCE (2032±27 BP, SUERC-52030)"
"196-4 calBCE (2090±30 BP, Beta-520210)"
"387-205 calBCE (2242±25 BP, SUERC-83069)"
"409-229 calBCE (2302±29 BP, SUERC-78040)"
"391-201 calBCE (2239±31 BP, SUERC-52014)"
"391-201 calBCE (2241±31 BP, SUERC-52013)"
"340-47 calBCE (2113±29 BP, SUERC-52028)"
"344-52 calBCE (2128±27 BP, SUERC-52024)"
"343-1 calBCE (2105±35 BP, SUERC-33543)"
"351-55 calBCE (2147±24 BP, SUERC-80670)"
"334-42 calBCE (2100±30 BP, Beta-516926)"
"358-111 calBCE (2171±25 BP, SUERC-83079)"
"346-53 calBCE (2136±25 BP, SUERC-83077)"
"1894-1695 calBCE (3486±32 BP, SUERC-52008)"
"2453-2146 calBCE (3826±33 BP, SUERC-55526)"
"351-54 calBCE (2146±24 BP, SUERC-104564)"
"733-397 calBCE (2400±30 BP, Beta-471582)"
"743-404 calBCE (2422±25 BP, SUERC-41925)"
"742-399 calBCE (2409±30 BP, SUERC-94992)"
"765-489 calBCE (2475±20 BP, PSUAMS-7611)"
"783-541 calBCE (2510±29 BP, SUERC-80169)"
"539-387 calBCE (2362±29 BP, SUERC-80168)"
"793-544 calBCE (2527±30 BP, SUERC-94972)"
"541-391 calBCE (2373±30 BP, SUERC-94974)"
"775-516 calBCE (2492±28 BP, SUERC-41682)"
"753-411 calBCE (2448±29 BP, SUERC-41684)"
"750-408 calBCE (2439±28 BP, SUERC-41691)"
"727-400 calBCE (2405±27 BP, OxA-18430)"
"779-524 calBCE (2502±30 BP, SUERC-95002)"
"514-391 calBCE (2365±20 BP) [R_combine: (2375±25 BP, OxA-20796); (2350±30 BP, SUERC-24072)]"
"719-384 calBCE (2365±35 BP, GrA-35980)"
"713-381 calBCE (2358±34 BP, SUERC-49184)"
"734-403 calBCE (2415±25 BP, SUERC-53042)"
"658-397 calBCE (2389±26 BP, OxA-25953)"
"777-516 calBCE (2496±30 BP, SUERC-70743)"
"787-544 calBCE (2518±30 BP, SUERC-70739)"
"542-396 calBCE (2386±26 BP, SUERC-66076)"
"725-400 calBCE (2405±25 BP, SUERC-66078)"
"761-422 calBCE (2468±26 BP, SUERC-53039)"
"779-541 calBCE (2506±28 BP, SUERC-41683)"
"767-423 calBCE (2471±28 BP, SUERC-41689)"
"460-382 calBCE (2342±21 BP) [R_combine: (2359±29 BP, SUERC-41690); (2327±28 BP, SUERC-47739)]"
"771-476 calBCE (2478±28 BP, SUERC-41694)"
"748-406 calBCE (2430±25 BP, SUERC-97712)"
"774-540 calBCE (2493±25 BP, SUERC-97713)"
"750-411 calBCE (2444±25 BP, SUERC-97717)"
"758-416 calBCE (2460±30 BP, OxA-29233)"
"780-541 calBCE (2507±28 BP, SUERC-41693)"
"340 BCE - 6 CE (2143±25 BP, SUERC-97711, marine calibrated)"
"754-416 calBCE (2455±25 BP, BRAMS-1321)"
"149 calBCE - 60 calCE (2039±27 BP, OxA-29573)"
"166 calBCE - 116 calCE (2029±49 BP, Wk - 12599)"
"356-54 calBCE (2155±35 BP, SUERC-14246)"
"1055-904 calBCE (2828±27 BP, BRAMS-1298)"
"1011-916 calBCE (2815±15 BP, PSUAMS-7613)"
"1055-837 calBCE (2810±35 BP, SUERC-40719)"
"912-807 calBCE (2710±30 BP, GrA-37966)"
"1014-836 calBCE (2790±30 BP, GrA-37751)"
"903-807 calBCE (2698±27 BP, OxA-18429)"
"1011-860 calBCE (2795±20 BP, PSUAMS-7671)"
"900-798 calBCE (2677±30 BP, OxA-17805)"
"982-812 calBCE (2745±35 BP, GrA-36000)"
"983-816 calBCE (2750±35 BP, GrA-36002)"
"1201-933 calBCE (2883±32 BP, SUERC-66411) "
"1214-1052 calBCE (2932±19 BP) [R_combine: (2946±27 BP, SUERC-49770); (2920±25 BP, PSUAMS-7561)]"
"912-808 calBCE (2713±29 BP, OxA-17804)"
"967-811 calBCE (2735±30 BP, GrA-37713)"
"1259-912 calBCE (2890±60 BP, BM-2919) "
"1048-920 calBCE (2830±20 BP, PSUAMS-7667)"
"197-44 calBCE (2103±27 BP, SUERC-94960)"
"149 calBCE - 65 calCE (2035±30 BP, SUERC-94968)"
"166 calBCE - 14 calCE (2064±30 BP, SUERC-94969)"
"101 calBCE - 59 calCE (2035±22 BP) [R_combine: (2056±30 BP, SUERC-95019); (2013±31 BP, SUERC-52144)]"
"162 calBCE - 26 calCE (2051±32 BP, SUERC-56654)"
"193-6 calBCE (2084±30 BP, SUERC-27314)"
"92 calBCE - 110 calCE (2012±30 BP, SUERC-70741)"
"43 calBCE - 110 calCE (1990±25 BP, PSUAMS-7826)"
"195 calBCE - 7 calCE (2084±31 BP, SUERC-52142)"
"46 calBCE - 117 calCE (1989±30 BP, SUERC-94994)"
"153 calBCE - 25 calCE (2048±26 BP, SUERC-94998)"
"173 calBCE - 5 calCE (2080±27 BP, SUERC-74473)"
"174-51 calBCE (2109±17 BP, SUERC-80747)"
"103 calBCE - 107 calCE (2023±31 BP, SUERC-50796)"
"175 calBCE - 8 calCE (2080±30 BP, SUERC-40286)"
"196 calBCE - 5 calCE (2087±30 BP, SUERC-94988)"
"168 calBCE - 11 calCE (2067±31 BP, SUERC-52143)"
"151 calBCE - 62 calCE (2040±30 BP, SUERC-27301)"
"84-229 calCE (1883±24 BP, SUERC-104571)"
"193-6 calBCE (2084±30 BP, SUERC-27314)"
"1411-1203 calBCE (3040±35 BP, SUERC-40714)"
"1533-1417 calBCE (3210±35 BP, SUERC-40723)"
"1381-1056 calBCE (2985±35 BP, SUERC-16818)"
"1410-1227 calBCE (3057±28 BP, SUERC-95020)"
"1518-1425 calBCE (3213±28 BP, SUERC-41692)"
"1532-1431 calBCE (3222±28 BP, SUERC-41699)"
"1504-1403 calBCE (3173±29 BP, SUERC-41695)"
"1503-1401 calBCE (3169±28 BP, SUERC-41700)"
"1408-1226 calBCE (3055±30 BP, SUERC-40297)"
"1519-1422 calBCE (3210±30 BP, SUERC-40300)"
"1391-1129 calBCE (3019±31 BP, SUERC-49774)"
"1261-1055 calBCE (2956±28 BP, SUERC-49769)"
"7476-7085 calBCE (8270±45 BP, OxA-23812)"
"8751-8433 calBCE (9340±50 BP, OxA-34338)"
"8615-7966 calBCE (9100±100 BP, OxA-814)"
"7476-7085 calBCE (8270±45 BP, OxA-23812)"
"8615-7966 calBCE (9100±100 BP, OxA-814)"
"8606-8300 calBCE (9230±50 BP, OxA-34339)"
"8615-7966 calBCE (9100±100 BP, OxA-814)"
"392-204 calBCE (2248±30 BP, SUERC-94978)"
"407-211 calBCE (2297±30 BP, SUERC-94981)"
"381-197 calBCE (2215±28 BP, SUERC-86441)"
"379-197 calBCE (2214±27 BP, SUERC-97413)"
"405-209 calBCE (2291±29 BP, SUERC-49492)"
"382-200 calBCE (2223±26 BP, BRAMS-1695)"
"377-197 calBCE (2213±26 BP, BRAMS-1691)"
"390-171 calBCE (2217±44 BP, UBA-30798)"
"513-210 calBCE (2321±36 BP, UBA-32284)"
"361-177 calBCE (2200±20 BP, PSUAMS-8287)"
"381-203 calBCE (2230±20 BP, PSUAMS-8289)"
"366-176 calBCE (2203±26 BP, SUERC-73822)"
"400-208 calBCE (2276±30 BP, SUERC-94980)"
"368-173 calBCE (2200±30 BP, SUERC-49491)"
"398-208 calBCE (2270±30 BP, SUERC-26240)"
"389-208 calBCE (2249±20 BP, SUERC-41926)"
"381-179 calBCE (2214±30 BP, SUERC-49488)"
"512-236 calBCE (2334±29 BP, SUERC-49494)"
"390-202 calBCE (2240±30 BP, SUERC-40301)"
"393-206 calBCE (2255±30 BP, SUERC-40302)"
"401-208 calBCE (2280±30 BP, SUERC-40712)"
"371-176 calBCE (2205±30 BP, SUERC-27303)"
"368-173 calBCE (2200±30 BP, SUERC-27302)"
"387-203 calBCE (2237±28 BP, OxA-17802)"
"401-208 calBCE (2279±31 BP, SUERC-76366)"
"514-234 calBCE (2333±31 BP, SUERC-76365)"
"382-197 calBCE (2216±30 BP, SUERC-95009)"
"362-163 calBCE (2184±27 BP, SUERC-97421)"
"393-206 calBCE (2256±30 BP, SUERC-95010)"
"387-201 calBCE (2231±30 BP, SUERC-95012)"
"386-198 calBCE (2224±30 BP, SUERC-95014)"
"391-204 calBCE (2247±30 BP, SUERC-95018)"
"401-209 calBCE (2279±26 BP, SUERC-97422)"
"396-207 calBCE (2265±30 BP, GrA-37707)"
"377-203 calBCE (2227±18 BP) [R_combine: (2220±20 BP, PSUAMS-8551); (2250±35 BP, GrA-35998)]"
"386-198 calBCE (2225±30 BP, GrA-37686)"
"360-201 calBCE (2201±20 BP) [R_combine: (2198±26 BP, OxA-18432); (2205±30 BP, GrA-37687)]"
"372-197 calBCE (2212±21 BP) [R_combine: (2215±30 BP, SUERC-24071); (2244±27 BP, OxA-20795); (2176±27 BP, SUERC-97414)]"
"408-232 calBCE (2305±27 BP, SUERC-94979)"
"387-199 calBCE (2227±30 BP, SUERC-94989)"
"382-197 calBCE (2216±30 BP, SUERC-94990)"
"387-204 calBCE (2238±27 BP, SUERC-95000)"
"404-209 calBCE (2288±28 BP, SUERC-86447)"
"411-208 calBCE (2303±34 BP, SUERC-49183)"
"401-208 calBCE (2279±31 BP, SUERC-60688)"
"381-179 calBCE (2213±30 BP, SUERC-94982)"
"380-197 calBCE (2215±27 BP, SUERC-94983)"
"377-178 calBCE (2210±30 BP, SUERC-94984)"
"372-175 calBCE (2205±32 BP, SUERC-60691)"
"381-199 calBCE (2221±25 BP, SUERC-97424)"
"388-206 calBCE (2243±25 BP, SUERC-97428)"
"383-197 calBCE (2218±28 BP, SUERC-97429)"
"382-205 calBCE (2234±20 BP, UB-3920)"
"355-118 calBCE (2168±21 BP, UB-3919)"
"395-205 calBCE (2257±32 BP, SUERC-73829)"
"387-198 calBCE (2226±30 BP, SUERC-73828)"
"403-209 calBCE (2285±30 BP, SUERC-40287)"
"381-197 calBCE (2215±30 BP, SUERC-40288)"
"368-173 calBCE (2200±30 BP, SUERC-40289)"
"387-200 calBCE (2230±30 BP, SUERC-40299)"
"368-165 calBCE (2190±30 BP, SUERC-95003)"
"389-208 calBCE (2250±21 BP, UB-3776)"
"366-197 calBCE (2207±21 BP, UB-3778)"
"382-204 calBCE (2231±22 BP) [R_combine: (2198±27 BP, OxA-21387); (2285±35 BP, SUERC-26419)]"
"376-203 calBCE (2225±19 BP) [R_combine: (2190±30 BP, SUERC-40141); (2247±24 BP, OxA-23360)]"
"362-171 calBCE (2192±27 BP, OxA-25957)"
"381-201 calBCE (2224±21 BP, UB-3779)"
"396-209 calBCE (2268±20 BP, UB-3922)"
"377-177 calBCE (2209±31 BP, UBA-30432)"
"387-201 calBCE (2232±29 BP, OxA-14730)"
"391-203 calBCE (2246±30 BP, SUERC-70740)"
"370-175 calBCE (2204±30 BP, SUERC-95011)"
"387-201 calBCE (2231±30 BP, SUERC-95004)"
"395-208 calBCE (2263±27 BP, SUERC-94973)"
"352-53 calBCE (2146±30 BP, SUERC-94961)"
"355-59 calBCE (2160±27 BP, OxA-24641)"
"349-50 calBCE (2133±30 BP, SUERC-94962)"
"343-50 calBCE (2122±30 BP, SUERC-94963)"
"356-49 calBCE (2196±27 BP, SUERC-97433, marine calibrated) "
"351-52 calBCE (2141±30 BP, SUERC-94964)"
"349-51 calBCE (2135±30 BP, SUERC-27295)"
"358-108 calBCE (2170±26 BP, SUERC-97423)"
"381 calBCE - 6 calCE (2140±70 BP, HAR-6715)"
"343-43 calBCE (2111±34 BP, SUERC-49181)"
"341-46 calBCE (2111±31 BP, SUERC-60702)"
"351-54 calBCE (2147±26 BP, OxA-25954)"
"361-106 calBCE (2173±31 BP, SUERC-76361)"
"357-57 calBCE (2161±32 BP, SUERC-60697)"
"346-52 calBCE (2133±26 BP, OxA-25958)"
"355-60 calBCE (2162±27 BP, OxA-25956)"
"715-48 calBCE (2250±90 BP, HAR-2937)"
"356-59 calBCE (2163±29 BP, SUERC-73827)"
"355-54 calBCE (2153±30 BP, SUERC-95008)"
"357-60 calBCE (2165±30 BP, SUERC-31494)"
"356-108 calBCE (2166±24 BP, OxA-23358)"
"343-49 calBCE (2120±30 BP, SUERC-31498)"
"346-53 calBCE (2135±23 BP, OxA-23359)"
"351-52 calBCE (2140±30 BP, SUERC-31499)"
"354-59 calBCE (2157±26 BP, OxA-25955)"
"384-202 calBCE (2229±24 BP, SUERC-104565)	..	England_MIA	England, Oxfordshire, Stanton Harcourt, Gravelly Guy	United Kingdom	51.74585	-1.416236	Repulldown on 3.2M snpset	1240K	1	5.356	874883	479455	F	n/a (no relatives detected)	n/a (female)	n/a (female)	445.6	K1a4a1	[0.972,0.990]	0.077	0.012	ds.half	S21275.Y1.E2.L1	PASS	..
I21276	I21276	GENLAB 346; 1424	petrous	2021	PattersonNature2021	Direct: IntCal20	2229	52	381-201 calBCE (2224±24 BP, SUERC-104569)"
"359-54 calBCE (2204±24 BP, SUERC-104570)"
"346-52 calBCE (2134±27 BP, SUERC-97430)"
"356 calBCE - 110 calCE (2083±70 BP, NZA-13631)"
"354-57 calBCE (2154±27 BP, SUERC-97431)"
"386 calBCE - 58 calCE (2127±85 BP, NZA-13632)"
"336-49 calBCE (2112±27 BP, SUERC-97432)"
"343-51 calBCE (2124±27 BP, SUERC-97418)"
"354-57 calBCE (2154±27 BP, SUERC-97419)"
"342-51 calBCE (2123±27 BP, SUERC-97420)"
"370-197 calBCE (2210±20 BP, PSUAMS-8290)"
"400-208 calBCE (2275±30 BP, GrA-37911)"
"3074-2892 calBCE (4336±32 BP, SUERC-52011)"
"3781-3643 calBCE (4934±35 BP, OxA-34336)"
"3624-3376 calBCE (4715±20 BP, PSUAMS-2513)"
"3697-3384 calBCE (4809±45 BP, UBA-30800)"
"3645-3526 calBCE (4808±35 BP, UB-29004)"
"3644-3527 calBCE (4808±32 BP, OxA-13539)"
"3642-3378 calBCE (4766±48 BP, UBA-32285)"
"3946-3710 calBCE (5023±34 BP, OxA-17173)"
"3697-3384 calBCE (4809±45 BP, UBA-30800)"
"3645-3526 calBCE (4808±35 BP, UB-29004)"
"3644-3527 calBCE (4808±32 BP, OxA-13539)"
"3946-3710 calBCE (5023±34 BP, OxA-17173)"
"3751-3636 calBCE (4895±25 BP, PSUAMS-9671)"
"3640-3528 calBCE (4800±25 BP, PSUAMS-9672)"
"3932-3637 calBCE (4940±50 BP, GrA-24506)"
"3653-3380 calBCE (4800±50 BP, GrA-24504)"
"3632-3380 calBCE (4740±25 BP, PSUAMS-9673)"
"3764-3521 calBCE (4850±50 BP, GrA-24508)"
"3632-3380 calBCE (4740±25 BP, PSUAMS-9675)"
"3761-3637 calBCE (4905±25 BP, PSUAMS-9677)"
"3092-2905 calBCE (4370±35 BP, Poz-83500)"
"3956-3769 calBCE (5052±32 BP, OxA-19914)"
"3697-3384 calBCE (4809±45 BP, UBA-30800)"
"3645-3526 calBCE (4808±35 BP, UB-29004)"
"3644-3527 calBCE (4808±32 BP, OxA-13539)"
"3642-3378 calBCE (4766±48 BP, UBA-32285)"
3641-3526 calBCE (4801±31 BP)
"3946-3710 calBCE (5023±34 BP, OxA-17173)"
"2576-2465 calBCE (3997±29 BP, OxA-29631)"
"2576-2465 calBCE (3997±29 BP, OxA-29631)"
"2576-2465 calBCE (3997±29 BP, OxA-29631)"
"1881-1691 calBCE (3460±25 BP, PSUAMS-9422)"
"2400-2058 calBCE (3795±35 BP, Poz-68164)"
"2471-2209 calBCE (3895±40 BP, GrA-22988)"
"2553-2302 calBCE (3929±23 BP) [R_combine: (3935±35 BP, Poz-41229); (3925±30 BP, Poz-41228)]"
"1882-1687 calBCE (3455±30 BP, Poz-138229)"
"1886-1644 calBCE (3460±35 BP, Poz-138221)"
"1684-1503 calBCE (3310±35 BP, Poz-138294)"
"1874-1544 calBCE (3400±40 BP, Poz-138295)"
"2437-2147 calBCE (3825±25 BP, PSUAMS-9404)"
"1891-1743 calBCE (3495±25 BP, PSUAMS-8997)"
"2463-2208 calBCE (3870±35 BP, Poz-138224)"
"2840-2473 calBCE (4055±30 BP, PSUAMS-9410)"
"3516-3365 calBCE (4650±35 BP, Poz-118848)"
"1441-1283 calBCE (3107±30 BP, Poz-138222)"
"1228-1285 calCE (755±20 BP, PSUAMS-9403)"
"2456-2203 calBCE (3848±34 BP, Hd-19835)"
"2573-2310 calBCE (3955±35 BP, Poz-84553)"
"3626-3378 calBCE (4726±17 BP) [R_combine: (4580±30, KIA-28844, Bla5); (4860±30, KIA-45011, Bla7); (4730±25, KIA-45010, Bla13)]"
"3644-3528 calBCE (4810±23 BP) [R_combine: (4615±30, KIA-28845, Bla16); (5055±35, KIA-37508, Bla27)]"
"3338-3024 calBCE (4465±30 BP, KIA-28846)"
"3725-3655 calBCE (4965±15 BP) [R_combine: (4950±30, KIA-45006, Bla8); (4905±25, KIA-45008, Bla9); (5145±30, KIA-45007, Bla11); (4845±35, KIA-37507, Bla24)]"
"5307-5071 calBCE (6246±30 BP, MAMS-24635)"
"5299-5049 calBCE (6211±32 BP, KIA-40346)"
"2459-2204 calBCE (3855±35 BP, Poz-84458)"
"1413-1261 calBCE (3067±25 BP, DEM-2905, MAMS-25209)"
"1418-1278 calBCE (3084±24 BP, DEM-2903, MAMS-25207)"
"1386-1217 calBCE (3030±20 BP, PSUAMS-7560)"
"5477-5331 calBCE (6441±38 BP, OxA-22012)"
"735-400 calBCE (2505±20 BP, PSUAMS-7118)"
"800-545 calBCE (2505±20 BP, PSUAMS-7119)"
"545-395 calBCE (2480±20 BP, PSUAMS-7121)"
"795-592 calBCE (2550±15 BP, PSUAMS-8197)"
"771-543 calBCE (2495±20 BP, PSUAMS-11558)"
"808-777 calBCE (2605±20 BP, PSUAMS-11559)"
"801-591 calBCE (2560±20 BP, PSUAMS-11560)"
"793-567 calBCE (2540±20 BP, PSUAMS-11561)"
"805-761 calBCE (2575±20 BP, PSUAMS-8344)"
"791-555 calBCE (2535±20 BP, PSUAMS-8976)"
"782-567 calBCE (2530±15 BP, PSUAMS-8198)"
"796-593 calBCE (2555±15 BP, PSUAMS-8200)"
"798-597 calBCE (2560±15 BP, PSUAMS-8199)"
"796-570 calBCE (2550±20 BP, PSUAMS-11557)"
"735-400 calBCE (2505±20 BP, PSUAMS-7117)"
"800-555 calBCE (2505±20 BP, PSUAMS-7120)"
"791-555 calBCE (2535±20 BP, PSUAMS-8975)"
"804-768 calBCE (2580±20 BP, PSUAMS-11562)"
"1220-1271 calCE (800±20 BP, PSUAMS-11954)"
"1439-1474 calCE (425±15 BP, PSUAMS-10003)"
"262-425 calCE (1670±20 BP, PSUAMS-11594)"
"1523-1655 calCE (285±15 BP, PSUAMS-11955)"
"1216-1271 calCE (810±20 BP, PSUAMS-10004)"
1447-1621 calCE (390±20 BP PSUAMS-11907)
"1273-1378 calCE (705±20 BP, PSUAMS-11961)"
1402-1439 calCE (515±20 BP PSUAMS-11915)
"1421-1447 calCE (480±15 BP, PSUAMS-10205)"
"1273-1378 calCE (705±20 BP, PSUAMS-11962)"
"1428-1455 calCE (455±15 BP, PSUAMS-11596)"
1221-1273 calCE (795±20 BP PSUAMS-11916)
"1501-1641 calCE (320±15 BP, PSUAMS-10013)"
"1306-1401 calCE (600±15 BP, PSUAMS-11595)"
"1414-1444 calCE (490±15 BP, PSUAMS-11960)"
"1439-1615 calCE (410±20 BP, PSUAMS-10011)"
"1305-1400 calCE (605±15 BP, PSUAMS-10012)"
"4239-4046 calBCE (5300±23 BP, MAMS-14132)"
"4341-4176 calBCE (5418±29 BP, MAMS-14828)"
"4334-4060 calBCE (5380±30 BP, Beta-310033)"
"4442-4250 calBCE (5480±35 BP, Poz-83629)"
"2464-2209 calBCE (3874±33 BP, DeA-2877)"
"978-831 calBCE (2760±20 BP, PSUAMS-10140)"
"904-814 calBCE (2715±20 BP, PSUAMS-10190)"
"765-489 calBCE (2475±20 BP, PSUAMS-11036)"
"5737-5538 calBCE (6740±60 BP, deb-11804)"
"5713-5536 calBCE (6700±40 BP, Poz-83628)"
"5656-5536 calBCE (6677±27 BP, MAMS-11928)"
"5830-5664 calBCE (6857±31 BP, MAMS-11935)"
"5713-5556 calBCE (6704±34 BP, MAMS-11933)"
"4228-3962 calBCE (5230±40 BP, Poz-83638)"
"403-233 calBCE (2295±20 BP, PSUAMS-10200)"
"381-203 calBCE (2230±20 BP, PSUAMS-9423)"
"394-208 calBCE (2260±20 BP, PSUAMS-10202)"
"385-206 calBCE (2240±20 BP, PSUAMS-8422)"
"387-208 calBCE (2245±20 BP, PSUAMS-10134)"
"400-232 calBCE (2285±20 BP, PSUAMS-10135)"
"391-208 calBCE (2255±20 BP, PSUAMS-8423)"
"346-57 calBCE (2140±20 BP, PSUAMS-10191)"
"357-167 calBCE (2180±20 BP, PSUAMS-10193)"
"3345-2937 calBCE (4460±40 BP, Poz-88230)"
"1046-900 calBCE (2810±25 BP, PSUAMS-10138)"
"4797-4619 calBCE (5861±26 BP, MAMS-14827)"
"4834-4556 calBCE (5850±40 BP, Poz-82582)"
"5203-4841 calBCE (6060±40 BP, Poz-83633)"
"5034-4846 calBCE (6049±29 BP, MAMS-14817)"
"4932-4714 calBCE (5930±40 BP, Beta-310040)"
"5026-4837 calBCE (6032±32 BP, MAMS-14814)"
"4928-4707 calBCE (5920±40 BP, Beta-310039)"
"5217-4997 calBCE (6170±40 BP, Poz-83632)"
"5305-5046 calBCE (6220±40 BP, Poz-83631)"
"5479-5361 calBCE (6449±30 BP, BRAMS-1302)"
"5210-4935 calBCE (6110±40 BP, Poz-83630)"
"5209-4855 calBCE (6100±40 BP, Poz-88115)"
"5209-4941 calBCE (6115±35 BP, Poz-82584)"
"5303-5066 calBCE (6233±23 BP, MAMS-14145)"
"5307-5069 calBCE (6244±34 BP, SUERC-51459)"
"5205-4848 calBCE (6079±33 BP, MAMS-14808)"
"5317-5074 calBCE (6264±34 BP, OxA-29050)"
"5363-5216 calBCE (6321±28 BP, MAMS-14830)"
"5318-5077 calBCE (6267±33 BP, MAMS-14809)"
"891-991 calCE (1115±20 BP, PSUAMS-5428)"
"772-950 calCE (1175±20 BP, PSUAMS-5430)"
"772-950 calCE (1175±20 BP, PSUAMS-5431)"
"772-950 calCE (1175±20 BP, PSUAMS-5432)"
"772-893 calCE (1185±20 BP, PSUAMS-5433)"
"772-893 calCE (1180±15 BP, PSUAMS-5460)"
"707-888 calCE (1210±25 BP, PSUAMS-5462)"
"772-950 calCE (1180±25 BP, PSUAMS-5463)"
"774-885 calCE (1200±20 BP, PSUAMS-5464)"
"688-878 calCE (1235±20 BP, PSUAMS-5465)"
"774-885 calCE (1200±20 BP, PSUAMS-5466)"
"886-990 calCE (1125±20 BP, PSUAMS-5436)"
"772-974 calCE (1160±20 BP, PSUAMS-5437)"
"772-893 calCE (1185±20 BP, PSUAMS-5467)"
"705-878 calCE (1230±15 BP, PSUAMS-5473)"
"892-993 calCE (1105±15 BP, PSUAMS-5440)"
"774-885 calCE (1200±20 BP, PSUAMS-5469)"
"674-773 calCE (1280±15 BP, PSUAMS-4606)"
"772-885 calCE (1210±20 BP, PSUAMS-5441)"
"682-878 calCE (1240±20 BP, PSUAMS-5442)"
"772-893 calCE (1185±20 BP, PSUAMS-4505)"
"887-986 calCE (1125±15 BP, PSUAMS-4596)"
"774-993 calCE (1130±25 BP, PSUAMS-5470)"
"1671-1945 calCE (150±15 BP, PSUAMS-5459)"
"1698-1910 calCE (30±20 BP, PSUAMS-5429)"
"1682-1937 calCE (130±15 BP, PSUAMS-5461)"
"1686-1927 calCE (115±20 BP, PSUAMS-5434)"
"1675-1943 calCE (140±15 BP, PSUAMS-5471)"
"1694-1918 calCE (105±15 BP, PSUAMS-5435)"
"1697-1910 calCE (35±20 BP, PSUAMS-5439)"
"1656-1950 calCE (200±15 BP, PSUAMS-4504)"
"1683-1936 calCE (125±20 BP, PSUAMS-5468)"
"1660-1950 calCE (195±15 BP, PSUAMS-4569)"
"1681-1940 calCE (130±20 BP, PSUAMS-5438)"
"1675-1943 calCE (140±15 BP, PSUAMS-4595)"
"1671-1945 calCE (150±15 BP, PSUAMS-5472)"
"1653-1950 calCE (205±15 BP, PSUAMS-5274)"
"3640-3518 calBCE (4780±30 BP, PSUAMS-1919)"
"2917-2786 calBCE (4265±25 BP, PSUAMS-1914)"
"2847-2492 calBCE (4070±25 BP, PSUAMS-2229)"
"2471-2299 calBCE (3915±25 BP, PSUAMS-1918)"
"3705-3530 calBCE (4850±30 BP, PSUAMS-2228)"
"2198-1985 calBCE (3705±25 BP, PSUAMS-2227)"
"2879-2632 calBCE (4160±25 BP, PSUAMS-1915)"
"2882-2636 calBCE (4170±25 BP, PSUAMS-2262)"
"2882-2636 calBCE (4170±25 BP, PSUAMS-1913)"
"2575-2350 calBCE (3970±30 BP, PSUAMS-1916)"
"2857-2501 calBCE (4095±25 BP, PSUAMS-1917)"
"3648-3528 calBCE (4820±30 BP, PSUAMS-1912)"
"1480-1640 calCE (330±30 BP, Beta-432801)"
"8211-7827 calBCE (8860±30 BP, Beta-432800)"
"8295-7976 calBCE (9000±40 BP, Beta-436170)"
"8219-7770 calBCE (8850±50 BP, Poz-81114)"
"2463-2236 calBCE (3875±25 BP, PSUAMS-2113)"
"1201-1015 calBCE (2910±20 BP, PSUAMS-4413)"
"6064-5846 calBCE (7090±50 BP, Poz-81115)"
"6020-5889 calBCE (7075±30 BP, PSUAMS-2345)"
"6021-5891 calBCE (7080±30 BP, PSUAMS-2163)"
"5891-5720 calBCE (6915±40 BP, PSUAMS-2126)"
"6065-5889 calBCE (7100±45 BP, PSUAMS-2151)"
"2911-2881 calBCE (4270±20 BP, PSUAMS-4778)"
"2901-2706 calBCE (4228±18 BP) [R_combine: (4210±25 BP, PSUAMS-5716); (4245±25 BP, PSUAMS-4779)]"
"3092-2915 calBCE (4385±25 BP, PSUAMS-5717)"
"3010-2881 calBCE (4300±25 BP, PSUAMS-3989)"
"2874-2630 calBCE (4150±25 BP, PSUAMS-5715)"
"3330-3018 calBCE (4450±20 BP, PSUAMS-4592)"
"8456-8251 calBCE (9115±40 BP, PSUAMS-9801)"
"2195-1973 calBCE (3685±28 BP, OxA-37603)"
"1109-923 calBCE (2845±25 BP, PSUAMS-2166)"
"1014-836 calBCE (2790±30 BP, Poz-83471)"
"2340-2146 calBCE (3810±20 BP, PSUAMS-2167)"
"1881-1697 calBCE (3470±20 BP, OS-139224)"
"1628-1406 calBCE (3240±55 BP, RTK-6765)"
"2010-1779 calBCE (3560±20 BP, OS-139225)"
"1384-1112 calBCE (2990±35 BP, Poz-83506)"
"1497-1302 calBCE (3135±30 BP, Poz-83433)"
"1532-1285 calBCE (3160±55 BP, RTK-6766)"
"1506-1431 calBCE (3207±20 BP, RTK-7898)"
"1516-1436 calBCE (3220±20 BP, OS-139223)"
"1736-1449 calBCE (3300±55 BP, RTK-6767)"
"1686-1534 calBCE (3338±21 BP, RTK-7899)"
"1614-1511 calBCE (3295±20 BP, PSUAMS-4852)"
"11541-11150 calBCE (11405±120 BP, RTK-6607)"
"2571-2343 calBCE (3955±30 BP, PSUAMS-6695)"
"2191-1973 calBCE (3680±25 BP, PSUAMS-6689)"
"2464-2294 calBCE (3890±25 BP, PSUAMS-6691)"
"2454-2201 calBCE (3840±25 BP, PSUAMS-6692)"
"2200-2030 calBCE (3715±25 BP, PSUAMS-6690)"
"892-994 calCE (1100±20 BP, PSUAMS-6157)"
"2136-1946 calBCE (3655±25 BP, PSUAMS-2076)"
"389-208 calBCE (2250±20 BP, PSUAMS-4874)"
"757-423 calBCE (2465±20 BP, PSUAMS-6682)"
"607-660 calCE (1398±13 BP) [R_combine: (1465±15 BP, PSUAMS-5283); (1275±20 BP, PSUAMS-6158)]"
"257-415 calCE (1700±25 BP, PSUAMS-5427)"
"1386-1212 calBCE (3025±20 BP, PSUAMS-4875)"
"1255-1055 calBCE (2950±20 BP, PSUAMS-4876)"
"1261-1059 calBCE (2960±20 BP, PSUAMS-4877)"
"1121-936 calBCE (2870±20 BP, PSUAMS-2387)"
"1221-1021 calBCE (2935±25 BP, PSUAMS-2118)"
"1369-1117 calBCE (2980±25 BP, PSUAMS-6688)"
"1534-1438 calBCE (3230±25 BP, PSUAMS-6681)"
"1491-1301 calBCE (3125±25 BP, PSUAMS-6696)"
"1491-1301 calBCE (3125±25 BP, PSUAMS-6696)"
"1663-1234 calBCE (3190±80 BP, Beta-37705)"
"2343-2144 calBCE (3810±25 BP, PSUAMS-6693)"
"2459-2209 calBCE (3865±25 BP, PSUAMS-6694)"
"3967-3798 calBCE (5095±30 BP, PSUAMS-6936)"
"4158-3958 calBCE (5205±30 BP, PSUAMS-6699)"
"3787-3652 calBCE (4960±25 BP, PSUAMS-6924)"
"3941-3658 calBCE (5005±25 BP, PSUAMS-6925)"
"3949-3714 calBCE (5035±25 BP, PSUAMS-6926)"
"2334-2140 calBCE (3795±25 BP, PSUAMS-6934)"
"3346-3098 calBCE (4500±25 BP, PSUAMS-6935)"
"2397-2146 calBCE (3815±25 BP, PSUAMS-6697)"
"3936-3657 calBCE (4995±25 BP, PSUAMS-6932)"
"2284-2056 calBCE (3765±20 BP, PSUAMS-4620)"
"2272-2032 calBCE (3730±30 BP, PSUAMS-1985)"
"2287-2041 calBCE (3760±30 BP, PSUAMS-3892)"
"1949-1774 calBCE (3545±20 BP, PSUAMS-4317)"
"1880-1689 calBCE (3455±25 BP, PSUAMS-6465)"
"2127-1900 calBCE (3630±25 BP, PSUAMS-6466)"
"2017-1778 calBCE (3565±25 BP, PSUAMS-6467)"
"2195-2027 calBCE (3700±20 BP, PSUAMS-6468)"
"2399-2153 calBCE (3825±20 BP, PSUAMS-4873)"
"2279-2102 calBCE (3746±30 BP, OxA-32773)"
"1377-1130 calBCE (3005±20 BP, PSUAMS-5891)"
"1107-901 calBCE (2825±30 BP, PSUAMS-1986)"
"1382-1134 calBCE (3015±20 BP, PSUAMS-3995)"
"1612-1501 calBCE (3275±20 BP, PSUAMS-4318)"
"1618-1510 calBCE (3300±25 BP, PSUAMS-1949)"
"4984-4784 calBCE (5980±30 BP, PSUAMS-1950)"
"4987-4794 calBCE (5995±30 BP, PSUAMS-2263)"
"4841-4711 calBCE (5900±30 BP, PSUAMS-2266)"
"4988-4735 calBCE (5980±35 BP, PSUAMS-1951)"
"1386-1212 calBCE (3025±20 BP, PSUAMS-7937)"
"984-835 calBCE (2770±20 BP, PSUAMS-7943)"
"2472-2300 calBCE (3920±25 BP, PSUAMS-7944)"
"1382-1134 calBCE (3015±20 BP, PSUAMS-7945)"
"2136-1959 calBCE (3665±20 BP, PSUAMS-7946)"
"2191-1982 calBCE (3690±20 BP, PSUAMS-7947)"
"1493-1304 calBCE (3130±25 BP, PSUAMS-1987)"
"1425-1284 calBCE (3095±25 BP, PSUAMS-1990)"
"1413-1264 calBCE (3070±25 BP, PSUAMS-1991)"
"1415-1230 calBCE (3065±30 BP, PSUAMS-1992)"
"1428-1290 calBCE (3100±25 BP, PSUAMS-1989)"
"1386-1212 calBCE (3025±20 BP, PSUAMS-3719)"
"1497-1397 calBCE (3155±20 BP, PSUAMS-3720)"
"1872-1636 calBCE (3430±20 BP, PSUAMS-2496)"
"1741-1613 calBCE (3375±20 BP, PSUAMS-5722)"
"2848-2494 calBCE (4075±25 BP, PSUAMS-2071)"
"752-417 calBCE (2455±20 BP, PSUAMS-5721)"
"1872-1636 calBCE (3430±20 BP, PSUAMS-5724)"
"930-806 calBCE (2720±35 BP, OS-97172)"
"2196-2029 calBCE (3705±20 BP, PSUAMS-2916)"
"3345-3096 calBCE (4495±25 BP, PSUAMS-4604)"
"3089-2917 calBCE (4385±20 BP, PSUAMS-4617)"
"3073-2911 calBCE (4365±20 BP, PSUAMS-4751)"
"3024-2908 calBCE (4360±20 BP, PSUAMS-4619)"
"1741-1619 calBCE (3385±20 BP, PSUAMS-2963)"
"131-318 calCE (1825±20 BP, PSUAMS-5723)"
"1391-1200 calBCE (3025±25 BP, PSUAMS-2940)"
"1121-936 calBCE (2870±20 BP, PSUAMS-2538)"
"1879-1691 calBCE (3455±20 BP, PSUAMS-2922)"
"1874-1642 calBCE (3435±20 BP, PSUAMS-2980)"
"1870-1631 calBCE (3425±20 BP, PSUAMS-2923)"
"1743-1623 calBCE (3395±20 BP, PSUAMS-2925)"
"1876-1687 calBCE (3445±20 BP, PSUAMS-2926)"
"1882-1745 calBCE (3485±20 BP, PSUAMS-2928)"
"1874-1642 calBCE (3435±20 BP, PSUAMS-2929)"
"1878-1689 calBCE (3450±20 BP, PSUAMS-2924)"
"1748-1624 calBCE (3405±20 BP, PSUAMS-2927)"
"2460-2296 calBCE (3885±20 BP, PSUAMS-4901)"
"2197-2032 calBCE (3710±20 BP, PSUAMS-4902)"
"3315-2928 calBCE (4425±20 BP, PSUAMS-4944)"
"1731-1520 calBCE (3335±30 BP, PSUAMS-2124)"
"1621-1518 calBCE (3310±20 BP, PSUAMS-2511)"
"1613-1508 calBCE (3290±20 BP, PSUAMS-2607)"
"1612-1506 calBCE (3285±20 BP, PSUAMS-2608)"
"1870-1631 calBCE (3425±20 BP, PSUAMS-2921)"
"1863-1628 calBCE (3415±20 BP, PSUAMS-2942)"
"1876-1687 calBCE (3445±20 BP, PSUAMS-2981)"
"1531-1442 calBCE (3230±20 BP, PSUAMS-2978)"
"1873-1622 calBCE (3420±30 BP, Beta-391199)"
"1496-1298 calBCE (3130±30 BP, Beta-391198)"
"1863-1628 calBCE (3415±20 BP, PSUAMS-2961)"
"1743-1623 calBCE (3395±20 BP, PSUAMS-2546)"
"1863-1628 calBCE (3415±20 BP, PSUAMS-2912)"
"1743-1623 calBCE (3395±20 BP, PSUAMS-2939)"
"1732-1542 calBCE (3350±20 BP, PSUAMS-2991)"
"1862-1624 calBCE (3410±20 BP, PSUAMS-2913)"
"1749-1617 calBCE (3395±25 BP, PSUAMS-2543)"
"1936-1770 calBCE (3530±20 BP, PSUAMS-3099)"
"1742-1621 calBCE (3390±20 BP, PSUAMS-2545)"
"1881-1693 calBCE (3465±25 BP, PSUAMS-2122)"
"1867-1625 calBCE (3415±25 BP, PSUAMS-2123)"
"1729-1538 calBCE (3345±20 BP, PSUAMS-2611)"
"1621-1518 calBCE (3310±20 BP, PSUAMS-2962)"
"1612-1465 calBCE (3270±20 BP, PSUAMS-2544)"
"1741-1549 calBCE (3370±20 BP, PSUAMS-2915)"
"1600-1447 calBCE (3250±20 BP, PSUAMS-2612)"
"1613-1508 calBCE (3290±20 BP, PSUAMS-2613)"
"810-551 calBCE (2570±35 BP, PSUAMS-7609)"
"1675-1532 calBCE (3330±20 BP, PSUAMS-2499)"
"1874-1642 calBCE (3435±20 BP, PSUAMS-3115)"
"1614-1461 calBCE (3270±25 BP, PSUAMS-2964)"
"1516-1436 calBCE (3220±20 BP, PSUAMS-2547)"
"1539-1446 calBCE (3245±20 BP, PSUAMS-2548)"
"1537-1436 calBCE (3235±25 BP, PSUAMS-3728)"
"1739-1546 calBCE (3365±20 BP, PSUAMS-2492)"
"1729-1538 calBCE (3345±20 BP, PSUAMS-3183)"
"1599-1436 calBCE (3240±25 BP, PSUAMS-2502)"
"1498-1409 calBCE (3165±20 BP, PSUAMS-6971)"
"1613-1503 calBCE (3280±20 BP, PSUAMS-6929)"
"1382-1134 calBCE (3015±20 BP, PSUAMS-2614)"
"2134-1936 calBCE (3645±25 BP, PSUAMS-2079)"
"1115-932 calBCE (2860±20 BP, PSUAMS-2540)"
"1046-900 calBCE (2810±25 BP, PSUAMS-2080)"
"1190-999 calBCE (2885±20 BP, PSUAMS-2507)"
"1200-1012 calBCE (2905±20 BP, PSUAMS-2512)"
"1216-1052 calBCE (2935±20 BP, PSUAMS-2515)"
"1196-1010 calBCE (2900±20 BP, PSUAMS-2506)"
"1459-1628 calCE (388±27 BP, OxA-30803)"
"2133-1897 calBCE (3670±20 BP, PSUAMS-4982)"
"2116-1882 calBCE (3640±20 BP, PSUAMS-4983)"
"1639-1797 calCE (270±15 BP, PSUAMS-4938)"
"1296-1394 calCE (635±15 BP, PSUAMS-4939)"
"903-1023 calCE (1110±15 BP, PSUAMS-4942)"
"893-990 calCE (1160±15 BP, PSUAMS-4625)"
"892-992 calCE (1110±15 BP, PSUAMS-4743)"
"891-987 calCE (1170±15 BP, PSUAMS-4788)"
"119-216 calCE (1895±15 BP, PSUAMS-4783)"
"229-358 calCE (1800±20 BP, PSUAMS-4940)"
"750-404 calBCE (2470±15 BP, PSUAMS-4624)"
"750-402 calBCE (2465±20 BP, PSUAMS-4716)"
"1111-931 calBCE (2855±20 BP, PSUAMS-4510)"
"719-233 calBCE (2400±20 BP, PSUAMS-4784)"
"1401-1134 calBCE (3070±20 BP, PSUAMS-4723)"
"374-161 calBCE (2235±20 BP, PSUAMS-4744)"
"382-186 calBCE (2255±20 BP, PSUAMS-4789)"
"91 calBCE - 24 calCE (2070±15 BP, PSUAMS-4758)"
"436-580 calCE (1585±15 BP, PSUAMS-4943)"
"753-408 calBCE (2480±20 BP, PSUAMS-4945)"
"123-229 calCE (1880±15 BP, PSUAMS-4741)"
"541-383 calBCE (2400±15 BP, PSUAMS-4725)"
"742-396 calBCE (2440±20 BP, PSUAMS-4512)"
"786-542 calBCE (2550±15 BP, PSUAMS-4715)"
"898-800 calBCE (2675±20 BP, PSUAMS-4717)"
"399-201 calBCE (2320±20 BP, PSUAMS-4720)"
"395-201 calBCE (2310±15 BP, PSUAMS-4724)"
"2204-2038 calBCE (3735±20 BP, PSUAMS-4607)"
"2122-1926 calBCE (3630±20 BP, PSUAMS-4750)"
"3351-3032 calBCE (4525±25 BP, UCIAMS-186348)"
"3351-3032 calBCE (4525±25 BP, UCIAMS-186348)"
"658-390 calBCE (2413±15) [R_combine: (2425±20 BP, PSUAMS-1734); (2400±20 BP, PSUAMS-1881)]"
"658-390 calBCE (2413±15) [R_combine: (2425±20 BP, PSUAMS-1734); (2400±20 BP, PSUAMS-1881)]"
"4230-3979 calBCE (5290±25 BP, UCIAMS-186347)"
"4230-3979 calBCE (5290±25 BP, UCIAMS-186347)"
"6222-5925 calBCE (7230±60 BP, PSUAMS-2535)"
"6222-5925 calBCE (7230±60 BP, PSUAMS-2535)"
"7131-6775 calBCE (8075±35 BP, PSUAMS-5145)"
"7131-6775 calBCE (8075±35 BP, PSUAMS-5145)"
"7131-6775 calBCE (8075±35 BP, PSUAMS-5145)"
"6222-5925 calBCE (7230±60 BP, PSUAMS-2535)"
"1485-1637 calCE (335±20 BP, PSUAMS-4430)"
"1451-1624 calCE (380±20 BP, PSUAMS-4431)"
"1501-1646 calCE (310±20 BP, PSUAMS-8280)"
"1472-1632 calCE (355±15 BP, PSUAMS-4020)"
"1436-1490 calCE (420±20 BP, PSUAMS-4021)"
"1420-1454 calCE (470±20 BP, PSUAMS-11034)"
"1644-1797 calCE (235±15 BP, PSUAMS-11009)"
"1644-1797 calCE (235±15 BP, PSUAMS-12040)"
"1636-1795 calCE (255±15 BP, PSUAMS-12041)"
"1409-1444 calCE (495±20 BP, PSUAMS-11035)"
1426-1467 calCE (445±20 BP PSUAMS-11917)
"815-781 calBCE (2625±20 BP, PSUAMS-9806)"
"928-827 calBCE (2745±20 BP, PSUAMS-9545)"
"2865-2576 calBCE (4115±25 BP, PSUAMS-9804)"
"1388-1133 calBCE (3020±25 BP, UCIAMS-226529, PSUG-5432)"
"3316-2916 calBCE (4410±31 BP, OxA-36221)"
"3320-2918 calBCE (4415±31 BP, OxA-36222)"
"2857-2501 calBCE (4095±25 BP, PSUAMS-6942)"
"5973-4461 calBCE [union of two dates: 5973-5745 calBCE (6965±35 BP, PSUAMS-7279); 4684-4461 BCE (5732±34 BP, OxA-36223)]"
"5211-4995 calBCE (6145±35 BP, PSUAMS-3931)"
"2574-2459 calBCE (3980±25 BP, UCIAMS-226526, PSUG-5429)"
"2571-2471 calBCE (4004±15 BP) [R_combine: (3983±17 BP, GrM-12984); (4050±25 BP, UCIAMS-226530, PSUG-5433); (3838±40 BP, Le-6932, Le-6933, Le-6939)]"
"2913-2710 calBCE (4250±25 BP, UCIAMS-226551, PSUG-5466)"
"3012-2875 calBCE (4290±35 BP, PSUAMS-6944)"
"2619-2474 calBCE (4034±16 BP, GrM-12938)"
"1043-911 calBCE (2820±20 BP, PSUAMS-7281)"
"512-389 calBCE (2360±20 BP, UCIAMS-226556, PSUG-5471)"
"396-210 calBCE (2270±20 BP, UCIAMS-226560, PSUG-5475)"
"971-830 calBCE (2755±20 BP, UCIAMS-226562, PSUG-5476)"
"358-170 calBCE (2185±20 BP, PSUAMS-7273)"
"399-231 calBCE (2280±20 BP, UCIAMS-226546, PSUG-5461)"
"370-197 calBCE (2210±20 BP, PSUAMS-7268)"
"361-170 calBCE (2190±25 BP, PSUAMS-7270)"
"346-57 calBCE (2140±20 BP, PSUAMS-7396)"
"357-167 calBCE (2180±20 BP, PSUAMS-7397)"
"387-208 calBCE (2245±20 BP, PSUAMS-7271)"
"370-197 calBCE (2210±20 BP, PSUAMS-7272)"
"389-208 calBCE (2250±20 BP, PSUAMS-4000)"
"373-199 calBCE (2215±20 BP, PSUAMS-4001)"
"389-208 calBCE (2250±20 BP, PSUAMS-4002)"
"398-228 calBCE (2275±20 BP, PSUAMS-4003)"
"382-206 calBCE (2235±20 BP, PSUAMS-4597)"
"356-172 calBCE (2186±16 BP) [R_combine: (2155±20 BP, PSUAMS-3877); (2231±24 BP, MAMS-41123)]"
"389-208 calBCE (2250±20 BP, PSUAMS-3722)"
"405-235 calBCE (2305±20 BP, UCIAMS-226544, PSUG-5459)"
"355-170 calBCE (2180±15 BP, PSUAMS-4503)"
"1441-1304 calBCE (3120±20 BP, UCIAMS-226528, PSUG-5431)"
"1124-939 calBCE (2875±20 BP, UCIAMS-226545, PSUG-5460)"
"981-832 calBCE (2765±20 BP, UCIAMS-226547, PSUG-5462)"
"1046-914 calBCE (2825±20 BP, UCIAMS-226531, PSUG-5434)"
"967-827 calBCE (2750±20 BP, PSUAMS-6943)"
"898-800 calBCE (2675±20 BP, PSUAMS-7398)"
"1107-924 calBCE (2845±20 BP, PSUAMS-7276)"
"1010-901 calBCE (2799±20 BP) [R_combine: (2780±25 BP, PSUAMS-2946); (2826±30 BP, OxA-36456)]"
"809-779 calBCE (2610±20 BP, PSUAMS-7282)"
"752-417 calBCE (2455±20 BP, PSUAMS-3114)"
"981-832 calBCE (2765±20 BP, PSUAMS-4004)"
"782-567 calBCE (2530±15 BP) [R_combine: (2510±20 BP, PSUAMS-3907); (2550±20 BP, PSUAMS-4252)]"
"40 calBCE - 109 calCE (1985±15 BP) [R_combine: (1950±20 BP, PSUAMS-7395); (2024±21 BP, MAMS-41135)]"
"408-537 calCE (1625±20 BP, UCIAMS-226554, PSUG-5469)"
"1255-1055 calBCE (2950±20 BP, UCIAMS-226549, PSUG-5464)"
"1384-1128 calBCE (3010±25 BP, UCIAMS-226533, PSUG-5436)"
"1377-1130 calBCE (3005±20 BP, UCIAMS-226534, PSUG-5437)"
"1213-1048 calBCE (2925±20 BP, PSUAMS-7115)"
"1398-1228 calBCE (3050±20 BP, PSUAMS-3111)"
"1401-1235 calBCE (3055±20 BP, PSUAMS-3112)"
"1414-1280 calBCE (3080±20 BP, PSUAMS-3113)"
"1006-846 calBCE (2785±20 BP, PSUAMS-7275)"
"1210-1019 calBCE (2920±20 BP, PSUAMS-4006)"
"1124-939 calBCE (2875±20 BP, UCIAMS-226557, PSUG-5472)"
"1044-917 calBCE (2824±17 BP) [R_combine: (2815±20 BP, PSUAMS-2955); (2842±28 BP, OxA-36224)]"
"1259-1056 calBCE (2955±20 BP, PSUAMS-7284)"
"1501-1421 calBCE (3185±20 BP, UCIAMS-226564, PSUG-5483)"
"1446-1305 calBCE (3125±20 BP, UCIAMS-226559, PSUG-5474)"
"1441-1304 calBCE (3120±20 BP, UCIAMS-226550, PSUG-5465)"
"1215-1055 calBCE (2937±17 BP) [R_combine: (2925±20 BP, PSUAMS-7280); (2967±31 BP, OxA-X-2737-54); (2840±70 BP, Le-7979)]"
"1210-1019 calBCE (2920±20 BP, PSUAMS-4005)"
"1488-1308 calBCE (3130±20 BP, UCIAMS-226553, PSUG-5468)"
"1422-1292 calBCE (3095±20 BP, UCIAMS-226561, PSUG-5475)"
"1949-1774 calBCE (3545±20 BP, UCIAMS-226543, PSUG-5458)"
"1749-1617 calBCE (3395±25 BP, PSUAMS-7274)"
"1876-1690 calBCE (3449±17 BP) [R_combine: (3460±20 BP, UCIAMS-226552, PSUG-5467); (3421±32 BP, OxA-X-2737-53); (3150±70 BP, Le-6936)]"
"1615-1452 calBCE (3265±30 BP, UCIAMS-226527, PSUG-5430)"
"5632-5484 calBCE (6655±30 BP, UCIAMS-226523, PSUG-5426)"
"5620-5481 calBCE (6610±30 BP, UCIAMS-226524, PSUG-5427)"
"5630-5483 calBCE (6645±35 BP, UCIAMS-226525, PSUG-5428)"
"5623-5483 calBCE (6629±25 BP) [R_combine: (6565±30 BP, UCIAMS-226532, PSUG-5435); (6739±40 BP, AA-107617)]"
"5621-5482 calBCE (6615±25 BP, PSUAMS-8435)"
"5622-5418 calBCE (6571±47 BP, COL3897.1.1)"
"1958-1646 calBCE (3500±50 BP, GrA-15602)"
"1944-1766 calBCE (3530±25 BP, GrN-8801)"
"752-401 calBCE (2425±40 BP, GrA-47271)"
"95 calBCE - 109 calCE (2015±30 BP, Poz-101607)"
"1210-1015 calBCE (2915±30 BP, Poz-82551)"
"920-806 calBCE (2710±35 BP, GrN-7509)"
"169-9 calBCE (2070±30 BP, Poz-101600)"
"2136-1892 calBCE (3635±40 BP, GrN-5131)"
"2135-1890 calBCE (3630±40 BP, GrN-5566)"
"2197-1983 calBCE (3700±25 BP, PSUAMS-7847)"
"2457-2145 calBCE (3820±45 BP, GrN-6384)"
"1501-1319 calBCE (3155±30 BP, PSUAMS-7788)"
"1415-1230 calBCE (3065±30 BP, Poz-86327)"
"1391-1221 calBCE (3040±20 BP, PSUAMS-9525)"
"1421-1216 calBCE (3060±40 BP, GrN-18960)"
"1620-1311 calBCE (3210±60 BP, GrA-18886)"
"1260-1048 calBCE (2945±30 BP, Poz-92466)"
"1396-932 calBCE (2950±80 BP, GrN-9867)"
"375-121 calBCE (2186±34 BP, UA-38019)"
"356-57 calBCE (2160±30 BP, GrN 25639)"
"811-780 calBCE (2620±20 BP, PSUAMS-4423)"
"978-831 calBCE (2760±20 BP, PSUAMS-4853)"
"925-826 calBCE (2740±20 BP, PSUAMS-2786)"
"978-831 calBCE (2760±20 BP, PSUAMS-2787)"
"1279-1389 calCE (670±25 BP, PSUAMS-4427)"
"819-785 calBCE (2630±20 BP, PSUAMS-5279)"
"1376-1018 calBCE (2964±45 BP, CEDAD-LTL12131A)"
"47 calBCE - 62 calCE (2010±20 BP, PSUAMS-6195)"
"755-420 calBCE (2460±20 BP, PSUAMS-6196)"
"355-114 calBCE (2165±20 BP, PSUAMS-6197)"
"1290-1395 calCE (640±20 BP, PSUAMS-6205)"
"1028-1157 calCE (960±20 BP, PSUAMS-6206)"
"46 calBCE - 66 calCE (2005±20 BP, PSUAMS-6207)"
"165-2 calBCE (2080±20 BP, PSUAMS-2788)"
"42 calBCE - 108 calCE (1990±20 BP, PSUAMS-2789)"
"387-208 calBCE (2247±14 BP) [R_combine: (2346±21 BP, CIRCE-DSH-6526); (2180±30 BP, PSUAMS-3984); (2185±20 BP, PSUAMS-4424)]"
"356-174 calBCE (2190±15 BP) [R_combine: (2175±20 BP, PSUAMS-3761); (2205±20 BP, PSUAMS-4425)]"
"406-209 calBCE (2292±31 BP, CIRCE-DSH-5625)"
"402-234 calBCE (2296±19 BP, CIRCE-DSH-5624)"
"370-197 calBCE (2210±20 BP, PSUAMS-3721)"
"1203-1014 calBCE (2910±25 BP, PSUAMS-5426)"
"904-814 calBCE (2715±20 BP, PSUAMS-2790)"
"967-827 calBCE (2750±20 BP, PSUAMS-2791)"
"1011-901 calBCE (2800±20 BP, PSUAMS-4867)"
"1048-920 calBCE (2830±20 BP, PSUAMS-5280)"
"1012-906 calBCE (2810±20 BP, PSUAMS-5503)"
"928-827 calBCE (2745±20 BP, PSUAMS-2793)"
"898-800 calBCE (2675±20 BP, PSUAMS-2794)"
"971-830 calBCE (2755±20 BP, PSUAMS-2795)"
"897-798 calBCE (2670±20 BP, PSUAMS-2792)"
"911-816 calBCE (2725±20 BP, PSUAMS-4851)"
"906-816 calBCE (2720±20 BP, PSUAMS-2797)"
"1107-924 calBCE (2845±20 BP, PSUAMS-5277)"
"830-790 calBCE (2645±20 BP, PSUAMS-2796)"
"706-945 calCE (1200±30 BP, Beta-428663)"
"1176-1264 calCE (835±15 BP, PSUAMS-4428)"
"1490-1649 calCE (310±30 BP, Beta-428668)"
"1041-1217 calCE (905±30 BP, Poz-83508)"
"1124-984 calBCE (2876±19 BP) [R_combine: (2830±20 BP, PSUAMS-2632); (3098±45 BP, CEDAD-LTL13335A)]"
"1107-913 calBCE (2837±25 BP) [R_combine: (2880±30 BP, Beta-428667); (2758±40 BP, CEDAD-LTL13334A)]"
"1043-854 calBCE (2802±25 BP) [R_combine: (2800±30 BP, Beta-428666); (2808±45 BP, CEDAD-LTL13329A)]"
"1012-906 calBCE (2810±20 BP, PSUAMS-2841)"
"915-808 calBCE (2715±30 BP) [R_combine: (2785±45 BP, CEDAD-LTL13328A); (2659±40 BP, CEDAD-LTL13328A)]"
"1402-1125 calBCE (3018±45 BP, CEDAD-LTL13327A)"
"990-826 calBCE (2760±30 BP, Beta-428664)"
"1009-908 calBCE (2806±18 BP) [R_combine: (2740±20 BP, PSUAMS-2798); (3056±40 BP, CEDAD-LTL13332A)]"
"982-828 calBCE (2760±25 BP, PSUAMS-2157)"
"1203-941 calBCE (2890±30 BP, Beta-428665)"
"985-1030 calCE (1085±20 BP, PSUAMS-1620)"
"710-1015 calCE (1388±18 BP, MAMS-25006)"
"525-705 calCE (1650±20 BP, PSUAMS-1607)"
"710-1010 calCE (1390±15 BP, UCIAMS-186351)"
"2400-2015 calBCE (3971±22 BP, MAMS-27355)"
"2280-2030 calBCE (3780±21 BP, MAMS-27354)"
"1030-1150 calCE (995±20 BP, PSUAMS-1614)"
"1050-1220 calCE (920±20 BP, PSUAMS-1615)"
"790-990 calCE (1187±26 BP, MAMS-12302)"
"1040-1210 calCE (950±20 BP, PSUAMS-1603)"
"1660-1500 calBCE (3340±22 BP, MAMS-14389)"
"3990-3800 calBCE (5160±27 BP, MAMS-14390)"
"6780-6570 calBCE (7870±30 BP, MAMS-14391)"
"6640-6470 calBCE (7760±31 BP, MAMS-14731)"
"635-860 calCE (1493±29 BP, OxA-31120)"
"1230-1415 calCE (866±28 BP, OxA-31119)"
"1315-1470 calCE (745±23 BP, OxA-31424)"
"1300-1455 calCE (773±24 BP, OxA-31425)"
"1065-1405 calCE (955±65 BP, OxA-31423)"
"985-1195 calCE (1156±22 BP, OxA-31422)"
"1215-1280 calCE (820±24 BP, MAMS-12301) "
"1310-1405 calCE (648±19 BP, MAMS-27353)"
"1310-1405 calCE (640±20 BP, PSUAMS-1613)"
"1175-1270 calCE (875±20 BP, PSUAMS-1604)"
"1315-1410 calCE (629±19 BP, MAMS-27352)"
"1185-1390 calCE (965±20 BP, PSUAMS-1606)"
"1325-1425 calCE (595±15 BP, PSUAMS-1605)"
"1390-1435 calCE (580±20 BP, PSUAMS-1616)"
"985-1045 calCE (1065±20 BP, PSUAMS-1905)"
"115 calBCE-205 calCE (2285±25 BP, PSUAMS-1868)"
"1430-1485 calCE (425±20 BP, PSUAMS-1611)"
"1295-1400 calCE (615±20 BP, PSUAMS-1610)"
"1285-1395 calCE (640±20 BP, PSUAMS-1612)"
"470-630 calCE (1558±25 BP, OxA-26973)"
"585-675 calCE (1455±32 BP, OxA-26974)"
"905-1030 calCE (1088±24 BP, OxA-26975)"
"3337-3021 calBCE (4460±30 BP, Beta-430713)"
"3096-2913 calBCE (4390±30 BP, Beta-430714)"
"889-989 calCE (1120±20 BP, PSUAMS-7455)"
"604-660 calCE (1405±20 BP, PSUAMS-7454)"
"1224-1275 calCE (785±20 BP, PSUAMS-7457)"
"2889-2668 calBCE (4186±27 BP, OxA-31221)"
"3011-2890 calBCE (4320±21 BP) [R_combine: (4270±25 BP, PSUAMS-2109); (4409±34 BP, UBA-29307)]"
"3331-2921 calBCE (4430±40 BP, Poz-83425)"
"3088-2919 calBCE (4389±18 BP) [R_combine: (4260±35 BP, Poz-83510); (4423±29 BP, OxA-31219); (4442±29 BP, OxA-31220)]"
"2879-2632 calBCE (4160±25 BP, PSUAMS-1955)"
"2868-2577 calBCE (4120±30 BP, PSUAMS-1957)"
"2874-2586 calBCE (4140±25 BP, PSUAMS-2293)"
"3016-2897 calBCE (4335±25 BP, PSUAMS-2350)"
"3323-2935 calBCE (4435±20 BP, PSUAMS-2405)"
"3011-2900 calBCE (4335±20 BP, PSUAMS-2406)"
"3006-2885 calBCE (4305±20 BP, PSUAMS-2351)"
"3011-2885 calBCE (4310±25 BP, PSUAMS-2352)"
"3092-2923 calBCE (4398±15 BP) [R_combine: (4375±20 BP, PSUAMS-2353); (4420±20 BP, PSUAMS-2368)]"
"3082-2910 calBCE (4370±25 BP, PSUAMS-2354)"
"3011-2897 calBCE (4330±20 BP, PSUAMS-2355)"
"2881-2633 calBCE (4165±25 BP, PSUAMS-1956)"
"2857-2501 calBCE (4095±25 BP, PSUAMS-3883)"
"2618-2468 calBCE (4020±25 BP, PSUAMS-3909)"
"2618-2468 calBCE (4020±25 BP, PSUAMS-3909)"
"2618-2468 calBCE (4020±25 BP, PSUAMS-3909)"
"2844-2496 calBCE (4075±20 BP, PSUAMS-2292)"
"2844-2496 calBCE (4075±20 BP, PSUAMS-2292)"
"2844-2496 calBCE (4075±20 BP, PSUAMS-2292)"
"2879-2632 calBCE (4160±25 BP, PSUAMS-1955)"
"2879-2632 calBCE (4160±25 BP, PSUAMS-1955)"
"4988-4462 calBCE (5860±100 BP, TERRA-06129717)"
"4989-4794 calBCE (5995±35 BP, Poz-83474)"
"4795-4556 calBCE (5840±35 BP, Poz-83475)"
"5211-5001 calBCE (6155±35 BP, Poz-83476)"
"5036-4799 calBCE (6030±40 BP, Poz-83478)"
"5211-4803 calBCE (6080±70 BP, TERRA-b06129705)"
"4841-4706 calBCE (5895±30 BP, PSUAMS-8302)"
"5368-5216 calBCE (6325±35 BP, PSUAMS-2070)"
"4989-4787 calBCE (5985±35 BP, PSUAMS-2114)"
"3705-3633 calBCE (4875±20 BP, PSUAMS-2160)"
"4935-4605 calBCE (5890±60 BP, TERRA-b06129733)"
"4841-4706 calBCE (5895±30 BP, PSUAMS-8302)"
"4983-4726 calBCE (5970±40 BP, Poz-83477)"
"4607-4450 calBCE (5687±30 BP, OxA-43741)"
"4539-4367 calBCE (5635±27 BP, OxA-43742)"
"4676-4458 calBCE (5718±29 BP, OxA-43740)"
"3504-3348 calBCE (4615±25 BP, PSUAMS-3881)"
"3625-3372 calBCE (4705±30 BP, PSUAMS-3874)"
"3516-3370 calBCE (4665±25 BP, PSUAMS-3875)"
"3318-2934 calBCE (4432±17 BP) [R_combine: (4460±30 BP, PSUAMS-3905); (4420±20 BP, PSUAMS-4251)]"
"1053-1223 calCE (875±20 BP, PSUAMS-2115)"
"970-1210 calCE (1760±15 BP, PSUAMS-5476)"
"720-1090 calCE (1900±20 BP, PSUAMS-3736)"
"690-1070 calCE (1945±15 BP, PSUAMS-5324)"
"510-890 calCE (2155±20 BP, PSUAMS-4835)"
"620-980 calCE (2055±15 BP, PSUAMS-5328)"
"1210-1470 calCE (1485±15 BP, PSUAMS-5329)"
"690-1040 calCE (1950±20 BP, PSUAMS-3737)"
"810-1050 calCE (1895±15 BP, PSUAMS-5474)"
"710-990 calCE (1985±20 BP, PSUAMS-5475)"
"970-1210 calCE (1760±15 BP, PSUAMS-5476)"
"730-1010 calCE (1960±20 BP, PSUAMS-5477)"
"620-990 calCE (2050±15 BP, PSUAMS-4836)"
"1050-1400 calCE (1600±15 BP, PSUAMS-4837)"
"630-860 calCE (2090±20 BP, PSUAMS-5478)"
"640-980 calCE (2030±20 BP, PSUAMS-3738)"
"480-710 calCE (2230±20 BP, PSUAMS-5479)"
"348 calBCE - 24 calCE (2091±47 BP, UBA-34056)"
"997-825 calBCE (2760±35 BP, Poz-83438)"
"1386-1212 calBCE (3025±20 BP, PSUAMS-2917)"
"2877-2635 calBCE (4160±20 BP, PSUAMS-2956)"
"2885-2674 calBCE (4185±20 BP, PSUAMS-4275)"
"1613-1503 calBCE (3280±20 BP, PSUAMS-6984)"
"1612-1501 calBCE (3275±20 BP, PSUAMS-2435)"
"1612-1465 calBCE (3270±20 BP, PSUAMS-2960)"
"1607-1450 calBCE (3255±20 BP, PSUAMS-2436)"
"1614-1511 calBCE (3295±20 BP, PSUAMS-2865)"
"1612-1465 calBCE (3270±20 BP, PSUAMS-2437)"
"1686-1518 calBCE (3330±25 BP, PSUAMS-2067)"
"1731-1542 calBCE (3349±16 BP) [R_combine: (3370±25 BP, PSUAMS-3910); (3335±20 BP, PSUAMS-4254)]"
"1615-1466 calBCE (3275±25 BP, PSUAMS-3911)"
"1498-1403 calBCE (3160±20 BP, PSUAMS-4447)"
"2129-1940 calBCE (3640±20 BP, PSUAMS-4274)"
"1732-1542 calBCE (3350±20 BP, PSUAMS-2918)"
"2024-1779 calBCE (3572±29 BP, OxA-12530)"
"2008-1773 calBCE (3550±25 BP, PSUAMS-1954)"
"2012-1772 calBCE (3549±29 BP, OxA-12531)"
"1928-1751 calBCE (3520±25 BP, PSUAMS-2064)"
"1879-1693 calBCE (3460±20 BP, PSUAMS-2102)"
"1891-1743 calBCE (3495±25 BP, PSUAMS-1952)"
"1931-1749 calBCE (3520±30 BP, Beta-436294)"
"2016-1773 calBCE (3555±31 BP, OxA-12533)"
"1951-1770 calBCE (3540±25 BP, PSUAMS-1953)"
"1919-1701 calBCE (3500±30 BP, Beta-436363)"
"1886-1694 calBCE (3475±30 BP, PSUAMS-2101)"
"1879-1632 calBCE (3440±30 BP, Beta-436293)"
"2877-2626 calBCE (4150±31 BP, OxA-16190)"
"2026-1701 calBCE (3540±52 BP, AA-90949)"
"2133-1751 calBCE (3584±55 BP, AA-90948)"
"3326-2926 calBCE (4430±25 BP, PSUAMS-5790)"
"4230-3984 calBCE (5261±33 BP, OxA-33486)"
"6329-6079 calBCE (7343±29 BP) [R_combine: (7330±40 BP, Poz-82198); (7355±40 BP, OxA-33489)]"
"4723-4550 calBCE (5805±25 BP, PSUAMS-2359)"
"830-1260 calCE [union of two dates: 900-1260 calCE (1780±15 BP, PSUAMS-5325); 830-1190 calCE (1825±20 BP, PSUAMS-1906)]"
"900-1250 calCE (1765±20 BP, PSUAMS-3739)"
"990-1320 calCE (1695±15 BP, PSUAMS-5332)"
"2897-2704 calBCE (4220±18 BP) [R_combine: (4215±25 BP, PSUAMS-3742); (4225±25 BP, PSUAMS-1963)]"
"2570-2460 calBCE (3995±20 BP, PSUAMS-5326)"
"4350-4260 calBCE (5455±20 BP, PSUAMS-5327)"
"5210-4960 calBCE (6120±30 BP, PSUAMS-3741)"
"2900-2700 calBCE (4210±20 BP, PSUAMS-4858)"
"2840-2490 calBCE (4070±20 BP, PSUAMS-3743)"
"2860-2500 calBCE (4095±25 BP, PSUAMS-3744)"
"3950-3790 calBCE (5070±20 BP, PSUAMS-4857)"
"1280-1390 calCE (645±15 BP, PSUAMS-4859)"
"2620-2480 calBCE (4035±20 BP, PSUAMS-5333)"
"2860-2570 calBCE (4105±20 BP, PSUAMS-5480)"
"3790-3690 calBCE (4970±20 BP, PSUAMS-5481)"
"2140-1901 calBCE (3650±40 BP, SUERC-5318)"
"2337-2138 calBCE (3794±26 BP, OxA-13660)"
"2269-1985 calBCE (3721±33 BP, OxA-13097)"
"2269-1985 calBCE (3721±33 BP, OxA-13097)"
"2134-2056 calBCE (3657±20 BP) [R_combine: (3679±28 BP, SUERC-80274); (3634±28 BP, SUERC-80275)]"
"750-404 calBCE (2430±30 BP, SUERC-24246)"
"727-396 calBCE (2395±30 BP, SUERC-21988)"
"42 calBCE - 116 calCE (1983±24 BP, SUERC-97411)"
"44 calBCE - 117 calCE (1987±29 BP, SUERC-94954)"
"97 calBCE - 107 calCE (2019±30 BP, SUERC-94959)"
"196 calBCE - 3 calCE (2091±30 BP, SUERC-94953)"
"197 calBCE - 1 calCE (2095±30 BP, SUERC-24248)"
"159 calBCE - 26 calCE (2050±30 BP, SUERC-24241)"
"90 calBCE - 110 calCE (2010±30 BP, SUERC-50518)"
"43 calBCE - 117 calCE (1984±28 BP, SUERC-50519)"
"152 calBCE - 22 calCE (2052±26 BP, SUERC-68732)"
"41 calBCE - 121 calCE (1977±29 BP, SUERC-68706)"
"170 calBCE - 10 calCE (2070±31 BP, SUERC-73990)"
"173 calBCE - 8 calCE (2075±31 BP, SUERC-73991)"
"42 calBCE - 119 calCE (1980±28 BP, SUERC-73992)"
"151 calBCE - 77 calCE (2030±35 BP, GrA-27298)"
"1283-940 calBCE (2930±50 BP, GU-2762)"
"4444-4255 calBCE (5492±36 BP, SUERC-69249)"
"4444-4255 calBCE (5492±36 BP, SUERC-69249)"
"395-207 calBCE (2260±29 BP, SUERC-68733)"
"399-207 calBCE (2271±33 BP, SUERC-69075)"
"364-121 calBCE (2180±30 BP, SUERC-24252)"
"337-43 calBCE (2103±30 BP, SUERC-94958)"
"361-110 calBCE (2175±30 BP, SUERC-24247)"
"364-121 calBCE (2180±30 BP, SUERC-21990)"
"355-55 calBCE (2155±30 BP, SUERC-24250)"
"346-51 calBCE (2130±30 BP, SUERC-21991)"
"349-51 calBCE (2135±30 BP, SUERC-24257)"
"3331-3022 calBCE (4455±22 BP, SUERC-95467)"
"3706-3536 calBCE (4856±33 BP, SUERC-69074)"
"3751-3636 calBCE (4895±25 BP, PSUAMS-5771)"
"3647-3533 calBCE (4832±14 BP) [R_combine: (4830±25 BP, PSUAMS-5772); (4840±30 BP, PSUAMS-5773); (4830±25 BP, PSUAMS-5774); (4830±25 BP, PSUAMS-5776)]"
"3629-3377 calBCE (4725±25 BP, PSUAMS-5775)"
"5610-5376 calBCE (6520±40 BP, Poz-82186)"
"4712-4502 calBCE (5760±40 BP, Poz-82185)"
"757-423 calBCE (2465±20 BP, PSUAMS-8932)"
"783-549 calBCE (2525±20 BP, PSUAMS-10087)"
"94 calBCE - 58 calCE (2030±20 BP, PSUAMS-8929)"
"151 calBCE - 8 calCE (2060±15 BP, PSUAMS-8882)"
"167-46 calBCE (2090±20 BP, PSUAMS-8931)"
"729-402 calBCE (2410±25 BP, KIA-37317)"
"742-400 calBCE (2412±29 BP, SUERC-69421)"
"750-415 calBCE (2450±20 BP, KIA-37316)"
"763-425 calBCE (2470±25 BP, KIA-37315)"
"787-544 calBCE (2518±28 BP, SUERC-69417)"
"795-592 calBCE (2550±15 BP, PSUAMS-3055)"
"796-570 calBCE (2550±20 BP, PSUAMS-3092)"
"776-539 calBCE (2499±28 BP, SUERC-69422)"
"901-805 calBCE (2693±29 BP, SUERC-69436)"
"1423-1268 calBCE (3086±30 BP, SUERC-69437)"
"401-208 calBCE (2281±29 BP, SUERC-69438)"
"665-884 calCE (1310±50 BP, Pta-4373)"
"88 calBCE - 202 calCE (2000±50 BP, Pta-5283)"
"403-201 calBCE (2330±25 BP, UGAMS-7255)"
"2900-2675 calBCE (4210±30 BP, Beta-416455)"
"2199-1978 calBCE (3697±30 BP, OxA-31057)"
"2468-2294 calBCE (3900±30 BP, KIA-30020)"
"5298-5059 calBCE (6218±24 BP, MAMS-16162)"
"1879-1697 calBCE (3466±16 BP) [R_combine: (3454±26 BP, D-AMS018425); (3473±20 BP, MAMS-22647)]"
"413-382 calBCE (2335±20 BP, PSUAMS-9542)"
"971-813 calBCE (2740±30 BP, Beta-299308)"
"152 calBCE - 4 calCE (2068±15 BP) [R_combine: (2060±20 BP, PSUAMS-9543), (2075±20 BP, PSUAMS-9544)]"
"160 calBCE - 1 calCE (2075±20 BP, PSUAMS-9544)"
"1412-1227 calBCE (3060±30 BP, Beta-299307)"
"1879-1697 calBCE (3466±16 BP) [R_combine: (3454±26 BP, D-AMS018425); (3473±20 BP, MAMS-22647)]"
"904-814 calBCE (2715±20 BP, PSUAMS-3717)"
"904-814 calBCE (2715±20 BP, PSUAMS-3717)"
"669-820 calCE (1270±22 BP, UGAMS-34383)"
"682-878 calCE (1240±22 BP, UGAMS-34387)"
"772-957 calCE (1170±22 BP, UGAMS-34388)"
"706-884 calCE (1220±22 BP, UGAMS-34393)"
"774-884 calCE (1200±13 BP) [R_combine: (1220±22 BP, UGAMS-34384); (1190±15 BP, PSUAMS-4593)]"
"702-881 calCE (1230±22 BP, UGAMS-34386)"
"772-946 calCE (1180±22 BP, UGAMS-34391)"
"893-1022 calCE (1080±23 BP, UGAMS-34389)"
"773-990 calCE (1140±22 BP, UGAMS-34390)"
"673-825 calCE (1260±22 BP, UGAMS-34394)"
"772-957 calCE (1170±22 BP, UGAMS-34385)"
"669-820 calCE (1270±22 BP, UGAMS-34382)"
"784-879 calCE (1213±13 BP) [R_combine: (1210±22 BP, UGAMS-34395); (1215±15 BP, PSUAMS-4594)]"
"772-892 calCE (1190±22 BP, UGAMS-34392)"
"892-1016 calCE (1090±22 BP, UGAMS-34403)"
"706-884 calCE (1220±22 BP, UGAMS-34404)"
"773-887 calCE (1200±22 BP, UGAMS-34405)"
"710-886 calCE (1210±22 BP, UGAMS-34408)"
"682-878 calCE (1240±22 BP, UGAMS-34397)"
"710-886 calCE (1210±22 BP, UGAMS-34396)"
"669-820 calCE (1270±22 BP, UGAMS-34406)"
"676-773 calCE (1272±12 BP) [R_combine: (1260±22 BP, UGAMS-34409); (1250±25 BP, PSUAMS-3908); (1285±15 BP, PSUAMS-4253)]"
"772-892 calCE (1190±22 BP, UGAMS-34398)"
"682-878 calCE (1240±22 BP, UGAMS-34399)"
"772-949 calCE (1180±24 BP, UGAMS-34400)"
"773-978 calCE (1150±23 BP, UGAMS-34402)"
"655-775 calCE (1320±22 BP, UGAMS-34407)"
"656-775 calCE (1320±20 BP, UGAMS-35229)"
"1366-1126 calBCE (2990±20 BP, PSUAMS-7614)"
"431-556 calCE (1570±20 BP, PSUAMS-8396)"
"133-324 calCE (1820±20 BP, PSUAMS-7909)"
"32-206 calCE (1920±20 BP, PSUAMS-7910)"
"245-378 calCE (1745±20 BP, PSUAMS-7911)"
"246-365 calCE (1745±15 BP, PSUAMS-7948)"
"415-540 calCE (1610±25 BP, PSUAMS-2075)"
"22-201 calCE (1935±20 BP, PSUAMS-7936)"
"258-413 calCE (1700±20 BP, PSUAMS-7912)"
"401-538 calCE (1635±20 BP, PSUAMS-7949)"
"660-774 calCE (1315±15 BP, PSUAMS-7939)"
"376-532 calCE (1650±15 BP, PSUAMS-7940)"
"431-556 calCE (1570±20 BP, PSUAMS-7941)"
"439-586 calCE (1540±15 BP, PSUAMS-7942)"
"1511-1432 calBCE (3215±20 BP, PSUAMS-2510)"
"1615-1504 calBCE (3285±25 BP, PSUAMS-2121)"
"3634-3522 calBCE (4765±20 BP, PSUAMS-2624)"
"160 calBCE - 1 calCE (2075±20 BP, PSUAMS-6159)"
"51 calBCE - 61 calCE (2020±20 BP, PSUAMS-6160)"
"5217-5000 calBCE (6210±30 BP, PSUAMS-4718)"
"1204-937 calBCE (2925±20 BP, ISGS-A3806)"
"1204-937 calBCE (2925±20 BP, ISGS-A3806)"
"539-643 calCE (1520±30 BP, Beta-434912)"
"539-643 calCE (1520±30 BP, Beta-434912)"
"539-643 calCE (1520±30 BP, Beta-434912)"
"1319-1411 calCE (623±20 BP, Wk-43308)"
"245-368 calCE (1780±25 BP, PSUAMS-5651)"
"47 calBCE - 113 calCE (2005±20 BP, PSUAMS-5652)"
"414-203 calBCE (2355±20 BP, PSUAMS-5653)"
"721-386 calBCE (2410±20 BP, PSUAMS-5654)"
"776-487 calBCE (2530±15 BP, PSUAMS-5655)"
"768-421 calBCE (2510±20 BP, PSUAMS-5656)"
"50 calBCE - 60 calCE (2030±20 BP, PSUAMS-5650)"
"586-652 calCE (1479±23 BP, OxA-31427)"
"586-652 calCE (1479±23 BP, OxA-31427)"
"586-652 calCE (1479±23 BP, OxA-31427)"
"777-547 calBCE (2515±20 BP, PSUAMS-3756)"
"777-547 calBCE (2515±20 BP, PSUAMS-3756)"
"1271-1378 calCE (710±20 BP, PSUAMS-9548)"
"1031-1158 calCE (955±15 BP, PSUAMS-8565)"
"3946-3660 calBCE (5016±31 BP, OxA-32776)"
"3946-3660 calBCE (5016±31 BP, OxA-32776)"
"3946-3660 calBCE (5016±31 BP, OxA-32776)"
"2902-2706 calBCE (4230±20 BP, PSUAMS-3224)"
"2570-2351 calBCE (3960±20 BP, PSUAMS-3225)"
"6424-6233 calBCE (7460±50 BP, Poz-82231)"
"6424-6233 calBCE (7460±50 BP, Poz-82231)"
"1472-1632 calCE (355±15 BP, PSUAMS-8726)"
"1465-1633 calCE (355±20 BP, PSUAMS-8790)"
"1444-1618 calCE (400±20 BP, PSUAMS-8836)"
"1325-1425 calCE (550±20 BP, PSUAMS-8791)"
"1404-1440 calCE (510±20 BP, PSUAMS-8792)"
"2196-2029 calBCE (3705±20 BP, PSUAMS-2804)"
"2336-2144 calBCE (3805±20 BP, PSUAMS-4602)"
"3096-2919 calBCE (4400±25 BP, PSUAMS-3986)"
"3346-3092 calBCE (4490±25 BP, PSUAMS-3987)"
"3316-2923 calBCE (4420±25 BP, PSUAMS-4038)"
"3091-2918 calBCE (4390±20 BP, PSUAMS-5276)"
"3010-2881 calBCE (4300±25 BP, PSUAMS-3988)"
"3315-2928 calBCE (4425±20 BP, PSUAMS-2799)"
"3312-2920 calBCE (4415±25 BP, PSUAMS-3757)"
"3081-2907 calBCE (4365±25 BP, PSUAMS-2950)"
"2014-1771 calBCE (3550±30 BP, PSUAMS-2065)"
"2289-2141 calBCE (3785±20 BP, PSUAMS-2309)"
"2204-2027 calBCE (3720±30 BP, Poz-83485)"
"2140-1977 calBCE (3680±20 BP, PSUAMS-2310)"
"2130-1896 calBCE (3630±30 BP, PSUAMS-2066)"
"2135-1953 calBCE (3660±20 BP, PSUAMS-2311)"
"2195-2027 calBCE (3700±20 BP, PSUAMS-2312)"
"2020-1882 calBCE (3580±20 BP, PSUAMS-2313)"
"2197-2034 calBCE (3715±20 BP, PSUAMS-2335)"
"2123-1830 calBCE (3605±35 BP, Poz-83490)"
"2204-2038 calBCE (3735±20 BP, PSUAMS-2314)"
"2138-1973 calBCE (3670±20 BP, PSUAMS-2315)"
"2199-2035 calBCE (3720±20 BP, PSUAMS-2316)"
"2131-1942 calBCE (3645±20 BP, PSUAMS-2317)"
"2133-1946 calBCE (3650±20 BP, PSUAMS-2840)"
"2286-2064 calBCE (3770±20 BP, PSUAMS-2806)"
"2276-1985 calBCE (3725±35 BP, Poz-83484)"
"2282-2028 calBCE (3735±35 BP, Poz-83486)"
"2140-1977 calBCE (3680±20 BP, PSUAMS-2152)"
"2456-2200 calBCE (3840±35 BP, Poz-83487)"
"2451-2141 calBCE (3815±35 BP, Poz-83491)"
"2282-2041 calBCE (3755±25 BP, PSUAMS-4599)"
"2141-1961 calBCE (3675±25 BP, PSUAMS-4603)"
"1498-1413 calBCE (3170±20 BP, PSUAMS-2998)"
"2341-2038 calBCE (3775±40 BP, PSUAMS-2951)"
"1050-1400 calCE (1170±30 BP, Beta-337194)"
"1050-1400 calCE (1170±30 BP, Beta-337194)"
"1050-1400 calCE (1170±30 BP, Beta-337194)"
"1450-1820 calCE (1111±42 BP, AA-46433)"
"1240-1510 calCE (1410±41 BP, AA-57438)"
"1350-1680 calCE (1227±45 BP, AA-46427)"
"1390-1700 calCE (1200±41 BP, AA-57428)"
"1390-1720 calCE (1182±45 BP, AA-46432)"
"1450-1820 calCE (1088±41 BP, AA-57430)"
"1480-1960 calCE (1059±40 BP, AA-57431)"
"690-1080 calCE (1918±43 BP, AA-57414)"
"1250-1640 calCE (1348±82 BP, AA-46416)"
"350 calBCE - 110 calCE (2838±48 BP, AA-46421)"
"730-1240 calCE (1830±84 BP, AA-46418)"
"1250-1640 calCE (1348±82 BP, AA-46416)"
"1490-1639 calCE (330±20 BP, PSUAMS-11956)"
"1302-1400 calCE (610±20 BP, PSUAMS-10006)"
"1423-1455 calCE (460±20 BP, PSUAMS-10007)"
"1525-1795 calCE (265±20 BP, PSUAMS-10008)"
1520-1647 calCE (300±15 BP PSUAMS-11925)
"1329-1436 calCE (530±20 BP, PSUAMS-11958)"
"1453-1625 calCE (375±20 BP, PSUAMS-10009)"
"1448-1615 calCE (395±15 BP, PSUAMS-10010)"
"1295-1391 calCE (645±15 BP, PSUAMS-11959)"
1311-1410 calCE (580±20 BP PSUAMS-11908)
"1397-1437 calCE (525±20 BP, PSUAMS-11963)"
1465-1633 calCE (355±20 BP PSUAMS-11926)
"1410-1446 calCE (490±20 BP, PSUAMS-10206)"
"1431-1475 calCE (435±20 BP, PSUAMS-11957)"
"1026-1154 calCE (970±15 BP, UCIAMS-145221)"
"885-980 calCE (1130±15 BP, UCIAMS-148198)"
"993-1031 calCE (1020±15 BP, UCIAMS-145227)"
"992-1034 calCE (1015±15 BP, UCIAMS-145226)"
"991-1025 calCE (1045±15 BP, UCIAMS-145217)"
"1631-1508 calBCE (3315±25 BP, PSUAMS-6198)"
"1880-1695 calBCE (3465±20 BP, PSUAMS-2774)"
"1613-1503 calBCE (3280±20 BP, PSUAMS-4605)"
"3332-2937 calBCE (4445±25 BP, PSUAMS-4780)"
"1607-1444 calBCE (3250±25 BP, PSUAMS-2112)"
"1741-1549 calBCE (3370±20 BP, PSUAMS-2516)"
"1508-1434 calBCE (3210±20 BP, PSUAMS-2517)"
"1540-1455 calBCE (3255±15 BP, PSUAMS-2518)"
"1681-1533 calBCE (3335±20 BP, PSUAMS-3227)"
"1884-1700 calBCE (3480±25 BP, PSUAMS-2800)"
"1748-1624 calBCE (3405±20 BP, PSUAMS-3228)"
"1497-1316 calBCE (3145±25 BP, PSUAMS-5284)"
"1741-1613 calBCE (3375±20 BP, PSUAMS-5275)"
"1873-1630 calBCE (3430±25 BP, PSUAMS-2536)"
"1886-1750 calBCE (3500±20 BP, PSUAMS-2165)"
"1935-1751 calBCE (3525±25 BP, PSUAMS-2125)"
"2031-1900 calBCE (3615±20 BP, PSUAMS-3106)"
"1949-1774 calBCE (3545±20 BP, PSUAMS-3117)"
"1881-1700 calBCE (3475±20 BP, PSUAMS-3229)"
"1935-1751 calBCE (3525±25 BP, PSUAMS-3120)"
"2010-1779 calBCE (3560±20 BP, PSUAMS-3121)"
"1886-1747 calBCE (3495±20 BP, PSUAMS-3231)"
"2016-1830 calBCE (3575±20 BP, PSUAMS-3230)"
"2010-1779 calBCE (3560±20 BP, PSUAMS-3122)"
"4486-4350 calBCE (5580±30 BP, PSUAMS-6970)"
"610-770 calCE [R_combine: 550-670 calCE (1530±20 BP, PSUAMS-1841); 650-780 calCE (1395±15 BP, PSUAMS-2428)]"
"610-770 calCE [R_combine: 550-670 calCE (1530±20 BP, PSUAMS-1841); 650-780 calCE (1395±15 BP, PSUAMS-2428)]"
"580-710 calCE [R_combine: 570-680 calCE (1490±15 BP, PSUAMS-2460); 600-770 calCE (1464±30 BP, Wk-25769)]"
"1650-1950 calCE (255±20 BP, PSUAMS-1922)"
"1670-1950 calCE (225±20 BP, PSUAMS-1923)"
"1690-1930 calCE (135±15 BP, UCIAMS-188792)"
"1670-1950 calCE (190±15 BP, UCIAMS-188794)"
"1680-1950 calCE (200±20 BP, UCIAMS-188795)"
"1650-1950 calCE (255±20 BP, PSUAMS-1922)"
"1670-1950 calCE (225±20 BP, PSUAMS-1923)"
"1520-1950 calCE (305±15 BP, UCIAMS-188793)"
"1671-1950 calCE (180±20 BP, PSUAMS-5494)"
"410-210 calBCE (2348±32 BP, Wk-20390)"
"410-210 calBCE (2348±32 BP, Wk-20390)"
"1040-800 calBCE (2983±32 BP, Wk-22657)"
"1070-800 calBCE (3045±30 BP, Poz-81126)"
"1160-830 calBCE (3083±26 BP, Wk-21026)"
"970-770 calBCE (2955±20 BP, PSUAMS-2411)"
"1070-800 calBCE (3045±30 BP, Poz-81126)"
"1040-800 calBCE (2983±32 BP, Wk-22657)"
"1160-830 calBCE (3083±26 BP, Wk-21026)"
"1220-860 calBCE (3050±49 BP, Wk-22658)"
"1060-810 calBCE (2995±21, Wk-22659)"
"1502-1643 calCE (350±20 BP, PSUAMS-6698)"
"1320-1620 calCE (559±30 BP, Wk-20030)"
"411-381 calBCE (2330±20 BP, PSUAMS-7364)"
"385-206 calBCE (2240±20 BP, PSUAMS-8214)"
"381-203 calBCE (2230±20 BP, PSUAMS-8215)"
"409-365 calBCE (2315±20 BP, PSUAMS-7365)"
"376-201 calBCE (2220±20 BP, PSUAMS-8225)"
"395-209 calBCE (2265±20 BP, PSUAMS-8216)"
"44 calBCE - 61 calCE (2005±15 BP, PSUAMS-2371)"
"44 calBCE - 61 calCE (2005±15 BP, PSUAMS-2371)"
"2133-1892 calBCE (3630±35 BP, Poz-81116)"
"1876-1687 calBCE (3445±20 BP, PSUAMS-2409)"
"1889-1742 calBCE (3490±25 BP, PSUAMS-1920)"
"1872-1636 calBCE (3430±20 BP, PSUAMS-2370)"
"2133-1892 calBCE (3630±35 BP, Poz-81116)"
"1889-1742 calBCE (3490±25 BP, PSUAMS-1920)"
"1872-1636 calBCE (3430±20 BP, PSUAMS-2370)"
"1882-1742 calBCE (3480±20 BP, PSUAMS-2410)"
"1882-1742 calBCE (3480±20 BP, PSUAMS-2410)"
"169 calBCE - 2 calCE (2080±25 BP, SUERC-97787)"
"1201-1015 calBCE (2910±20 BP, PSUAMS-8441)"
"1500-1322 calBCE (3156±28 BP, OxA-V-2271-28)"
"7739-7536 calBCE (8597±54 BP, UBA-32282)"
"397-205 calBCE (2263±35 BP, Wk-15365)"
"2876-2680 calBCE (4170±100 BP, OxA-3817)"
"3700-3518 calBCE (4819±42 BP, UBA-32284)"
"3700-3518 calBCE (4819±42 BP, UBA-32284)"
"3333-2932 calBCE (4480±20 BP, PSUAMS-4764)"
